APD1,104966,103146,104380.8,103678,103657.5,102762.08,99910.61,101238.82,100646.728
APD2,164543,160021.5,162234.8,160863.8,162138.45,159726.94,152846.75,158924.375,158329.06
tau,iter_1,iter_2,iter_3,iter_4,iter_5,iter_6,iter_7,iter_8,iter_9
-125,1,9,10,18,42,121,191,347,965
-124.9,1,4,16,22,21,87,192,385,933
-124.8,1,1,10,17,37,109,195,380,938
-124.7,1,3,6,19,38,101,173,358,905
-124.6,2,2,9,20,43,94,178,362,923
-124.5,3,6,10,23,37,102,163,365,932
-124.4,1,9,12,21,37,90,182,345,905
-124.3,3,3,12,17,39,101,154,377,969
-124.2,1,5,8,26,35,93,178,419,868
-124.1,5,1,13,18,55,95,171,347,978
-124,3,5,8,21,40,96,191,402,920
-123.9,1,5,9,20,29,78,187,393,887
-123.8,2,2,11,15,32,97,195,396,905
-123.7,0,0,3,16,42,92,198,348,955
-123.6,3,9,12,26,30,110,180,379,933
-123.5,3,2,5,14,43,95,181,358,887
-123.4,2,4,7,11,52,88,184,369,988
-123.3,0,3,9,10,41,95,191,372,935
-123.2,4,3,6,18,33,92,159,364,958
-123.1,2,0,11,22,36,101,169,388,915
-123,1,8,6,21,47,96,183,378,970
-122.9,1,4,12,22,34,74,181,392,881
-122.8,0,2,7,14,41,97,159,381,950
-122.7,1,4,14,25,35,91,165,377,940
-122.6,2,4,10,22,32,94,169,372,930
-122.5,5,5,10,21,44,68,153,386,925
-122.4,1,3,16,18,42,89,157,376,911
-122.3,0,4,13,22,33,93,197,404,998
-122.2,1,2,7,14,31,87,181,403,892
-122.1,4,3,8,24,39,92,180,371,913
-122,2,5,10,19,45,91,157,375,927
-121.9,3,1,9,20,39,90,195,389,895
-121.8,2,3,9,29,33,91,206,370,944
-121.7,2,5,10,20,35,93,178,411,961
-121.6,1,3,9,16,37,99,193,385,946
-121.5,2,3,12,19,46,95,178,410,995
-121.4,6,4,17,26,41,86,199,353,894
-121.3,3,3,9,20,53,92,160,388,927
-121.2,1,4,9,17,33,96,181,380,928
-121.1,1,3,13,18,31,82,180,400,942
-121,4,4,8,21,30,108,168,374,1006
-120.9,2,5,12,16,36,93,195,364,940
-120.8,5,4,11,21,34,95,181,377,953
-120.7,1,2,6,18,42,80,181,394,952
-120.6,2,3,6,26,36,86,176,390,969
-120.5,2,3,14,19,36,82,173,363,984
-120.4,1,2,15,21,56,104,164,375,967
-120.3,1,4,9,16,36,90,181,375,910
-120.2,0,4,11,19,46,96,172,357,955
-120.1,0,2,13,14,39,98,192,374,952
-120,2,4,6,24,41,106,179,399,910
-119.9,2,6,9,10,36,91,183,370,910
-119.8,3,4,10,28,41,91,180,385,911
-119.7,1,5,7,18,39,110,184,342,917
-119.6,2,3,15,20,45,95,205,372,948
-119.5,5,3,14,15,43,99,181,376,952
-119.4,0,4,7,20,29,88,170,369,974
-119.3,0,3,13,22,32,97,193,362,936
-119.2,5,5,13,25,33,72,151,353,912
-119.1,1,1,10,16,40,96,191,368,966
-119,2,3,15,19,34,95,173,371,932
-118.9,3,1,10,19,49,97,162,355,916
-118.8,3,4,7,28,31,112,187,363,899
-118.7,2,3,8,18,41,100,175,412,947
-118.6,2,5,7,20,38,108,164,382,915
-118.5,0,6,14,17,44,104,173,362,973
-118.4,3,2,7,17,44,93,174,401,954
-118.3,1,0,8,20,38,86,167,414,978
-118.2,2,7,7,20,51,77,171,395,942
-118.1,2,3,7,16,47,108,179,380,946
-118,3,1,13,12,35,94,173,373,915
-117.9,1,3,5,20,44,108,158,345,940
-117.8,2,4,12,24,39,102,192,349,971
-117.7,2,4,6,18,49,96,180,390,939
-117.6,1,5,11,23,43,103,198,378,908
-117.5,4,1,19,20,33,90,196,368,935
-117.4,0,4,4,17,42,99,169,400,934
-117.3,1,1,9,27,42,100,184,360,896
-117.2,4,3,9,17,36,86,206,425,948
-117.1,3,8,6,12,37,94,187,362,909
-117,1,4,13,23,34,79,176,367,915
-116.9,3,2,11,23,32,90,182,408,973
-116.8,3,1,10,18,52,108,173,350,930
-116.7,0,1,12,20,34,80,181,378,959
-116.6,2,3,8,17,34,85,193,352,928
-116.5,6,5,11,17,22,83,183,362,964
-116.4,1,3,4,16,37,106,198,365,996
-116.3,2,3,11,19,43,93,174,366,961
-116.2,2,0,7,22,41,105,178,365,944
-116.1,1,4,8,20,41,80,163,386,894
-116,1,4,5,14,41,94,169,373,910
-115.9,2,5,14,22,41,98,185,382,931
-115.8,1,1,15,19,40,113,171,363,867
-115.7,0,4,12,20,38,91,194,350,906
-115.6,1,5,9,20,35,101,171,386,975
-115.5,1,8,16,18,38,111,189,392,954
-115.4,4,6,11,24,41,84,188,380,912
-115.3,3,5,8,23,35,112,176,368,996
-115.2,3,3,2,19,49,83,162,365,951
-115.1,3,6,12,23,38,89,182,359,971
-115,1,4,8,22,39,109,167,371,962
-114.9,3,3,6,20,48,92,176,340,956
-114.8,1,2,11,19,40,101,171,377,952
-114.7,3,2,13,20,38,111,161,370,913
-114.6,3,6,12,9,40,108,178,405,928
-114.5,3,2,12,21,38,102,172,363,897
-114.4,1,6,12,27,41,84,160,340,909
-114.3,4,1,14,23,35,97,192,362,943
-114.2,2,8,9,16,58,95,178,361,929
-114.1,1,3,8,23,43,102,187,402,950
-114,1,1,10,21,40,84,155,397,958
-113.9,4,4,9,20,35,97,200,388,919
-113.8,2,6,9,19,44,94,196,400,957
-113.7,1,5,3,25,54,88,187,378,947
-113.6,0,6,8,17,53,96,188,364,1005
-113.5,1,0,13,22,38,109,186,388,912
-113.4,1,1,7,23,35,95,185,387,952
-113.3,1,2,9,12,44,100,161,359,940
-113.2,2,4,13,18,39,81,158,393,922
-113.1,0,5,11,14,32,99,185,393,893
-113,1,4,9,14,50,96,164,381,886
-112.9,3,3,8,21,42,110,184,350,935
-112.8,3,4,9,18,33,81,186,386,954
-112.7,2,5,12,19,36,96,189,397,923
-112.6,3,4,5,20,48,99,182,381,937
-112.5,5,3,12,19,44,96,178,408,887
-112.4,3,3,9,19,42,75,188,394,976
-112.3,0,5,9,21,36,96,177,377,968
-112.2,3,5,7,15,39,108,180,377,941
-112.1,4,3,6,16,48,101,153,394,915
-112,1,6,6,21,39,88,195,347,933
-111.9,5,2,14,21,43,82,188,380,975
-111.8,3,3,8,27,45,92,169,363,921
-111.7,2,4,10,15,39,92,180,374,876
-111.6,4,5,8,16,33,105,212,364,929
-111.5,1,4,6,17,45,108,203,334,893
-111.4,1,1,11,23,39,111,188,357,949
-111.3,1,5,11,22,33,91,195,376,915
-111.2,3,8,8,22,34,92,189,350,1017
-111.1,0,7,13,21,37,89,176,388,942
-111,3,4,8,22,51,90,186,373,1000
-110.9,2,3,9,20,28,102,178,405,905
-110.8,2,1,7,20,40,101,172,383,962
-110.7,1,3,8,24,24,84,166,397,961
-110.6,3,6,12,16,29,79,212,346,888
-110.5,2,1,5,18,41,97,186,420,935
-110.4,2,3,10,14,47,97,170,398,1003
-110.3,2,5,10,18,36,105,191,381,925
-110.2,3,10,17,12,41,90,162,417,918
-110.1,2,3,9,16,40,110,187,361,906
-110,1,2,7,20,48,82,203,392,948
-109.9,3,3,11,22,42,87,195,381,911
-109.8,3,2,10,23,51,103,177,380,968
-109.7,0,5,13,17,34,92,161,338,1000
-109.6,3,4,10,12,38,99,179,402,945
-109.5,0,6,10,26,41,95,169,397,934
-109.4,2,2,14,18,43,105,172,428,902
-109.3,2,3,13,22,37,101,184,415,906
-109.2,5,6,5,26,45,120,192,346,901
-109.1,2,4,13,15,47,108,170,400,891
-109,2,4,12,13,39,117,187,395,1012
-108.9,3,5,11,13,38,88,176,372,895
-108.8,1,3,6,18,51,88,171,376,966
-108.7,1,6,8,21,40,104,190,375,980
-108.6,1,6,11,19,42,92,191,390,904
-108.5,0,2,15,20,40,95,169,362,981
-108.4,1,8,10,15,38,113,154,393,947
-108.3,0,4,16,14,35,98,182,374,939
-108.2,2,5,13,17,39,92,165,399,935
-108.1,2,2,9,15,35,102,179,384,892
-108,0,4,10,16,42,107,170,390,942
-107.9,2,3,12,11,34,90,187,357,986
-107.8,0,8,8,16,38,89,175,372,920
-107.7,2,6,8,27,43,101,187,380,979
-107.6,3,3,12,27,31,96,161,349,942
-107.5,2,6,16,22,31,105,166,395,922
-107.4,1,5,9,19,56,114,150,415,889
-107.3,2,2,6,17,55,95,203,372,931
-107.2,2,4,6,14,43,75,183,368,923
-107.1,4,8,15,17,19,117,187,353,913
-107,4,3,7,21,31,98,179,370,991
-106.9,1,5,10,10,56,92,164,361,933
-106.8,1,6,6,23,35,86,169,383,923
-106.7,2,7,8,18,36,97,165,359,927
-106.6,1,6,8,21,43,99,155,337,973
-106.5,3,4,7,16,39,78,171,349,953
-106.4,1,2,14,16,33,94,199,362,946
-106.3,0,5,14,19,31,88,186,385,966
-106.2,3,5,8,20,35,110,214,391,961
-106.1,2,6,7,21,37,102,164,391,935
-106,3,2,11,20,39,95,194,366,954
-105.9,4,2,11,16,28,105,168,406,908
-105.8,3,1,11,13,39,98,201,378,961
-105.7,1,5,10,28,34,111,188,346,971
-105.6,1,2,11,19,27,96,182,407,906
-105.5,3,0,5,20,26,99,194,370,954
-105.4,3,3,12,21,44,97,152,351,971
-105.3,4,6,8,27,34,85,172,389,917
-105.2,1,4,14,24,33,107,196,387,924
-105.1,2,4,7,17,37,98,186,367,908
-105,1,6,11,17,39,86,186,376,894
-104.9,1,5,11,21,42,90,160,408,881
-104.8,3,1,7,17,23,109,184,376,955
-104.7,2,4,13,23,41,98,166,359,964
-104.6,1,5,15,23,40,109,176,382,981
-104.5,1,4,13,14,47,95,162,374,910
-104.4,3,6,11,16,32,86,188,412,869
-104.3,2,4,15,18,42,97,193,356,966
-104.2,1,7,9,19,38,105,196,365,928
-104.1,3,9,5,19,40,104,153,374,929
-104,0,8,13,13,45,92,182,376,997
-103.9,7,2,8,24,46,120,186,374,935
-103.8,2,8,10,22,49,122,187,386,927
-103.7,2,4,6,21,34,99,170,338,944
-103.6,4,3,15,13,35,108,188,367,921
-103.5,2,5,12,16,33,88,171,365,966
-103.4,1,3,11,27,36,112,168,404,932
-103.3,3,5,13,16,53,105,212,370,904
-103.2,2,6,7,24,37,93,205,388,980
-103.1,2,6,16,13,44,87,191,364,959
-103,2,5,13,24,48,117,178,408,934
-102.9,0,0,10,11,42,84,189,403,974
-102.8,0,8,11,20,47,126,170,396,956
-102.7,2,3,11,21,27,97,168,381,1002
-102.6,1,4,10,13,42,119,173,394,903
-102.5,3,4,11,25,45,74,173,342,958
-102.4,3,2,7,27,39,101,156,378,901
-102.3,4,6,16,27,34,112,168,360,946
-102.2,2,1,5,18,40,98,188,393,974
-102.1,2,5,10,22,36,98,183,387,969
-102,3,2,10,20,44,109,168,375,945
-101.9,1,5,6,13,45,92,184,393,941
-101.8,2,2,10,23,43,100,178,348,900
-101.7,1,6,10,16,32,91,189,360,954
-101.6,4,3,7,14,45,109,191,354,919
-101.5,1,2,2,9,49,85,176,379,959
-101.4,2,3,16,17,49,110,177,373,988
-101.3,1,7,11,19,46,90,202,331,925
-101.2,2,4,10,20,46,101,192,404,950
-101.1,3,5,11,15,28,103,179,391,962
-101,6,4,13,18,36,105,180,392,960
-100.9,4,1,11,17,37,102,180,360,898
-100.8,1,1,16,22,37,94,183,402,907
-100.7,5,4,6,25,28,95,169,351,947
-100.6,3,9,7,15,38,80,187,388,939
-100.5,1,4,18,18,46,107,158,370,944
-100.4,2,1,10,19,39,85,180,366,951
-100.3,0,2,12,29,27,89,168,404,936
-100.2,2,7,16,13,38,100,173,381,925
-100.1,1,1,14,20,45,93,188,411,906
-100,0,3,13,20,37,89,185,399,984
-99.9,2,5,13,18,34,79,193,372,945
-99.8,1,5,6,19,47,97,160,378,972
-99.7,5,3,10,16,30,104,200,368,874
-99.6,2,2,9,19,45,106,147,356,941
-99.5,2,4,14,26,47,113,180,404,955
-99.4,3,4,7,18,43,103,203,385,972
-99.3,1,3,14,22,36,96,158,371,895
-99.2,4,3,10,19,40,99,191,385,879
-99.1,4,2,8,34,30,101,200,387,893
-99,4,3,12,15,32,94,187,378,1013
-98.9,1,4,12,25,40,94,189,344,938
-98.8,1,3,6,19,45,92,180,394,963
-98.7,2,3,12,17,34,86,174,393,963
-98.6,1,3,8,18,35,97,158,394,941
-98.5,3,4,9,19,41,82,196,401,943
-98.4,1,3,12,21,40,84,193,363,952
-98.3,4,8,9,11,39,98,193,388,920
-98.2,4,1,10,23,52,91,174,357,949
-98.1,2,5,11,15,33,105,166,361,925
-98,0,5,5,26,37,111,170,376,925
-97.9,1,5,12,15,34,105,139,358,932
-97.8,2,3,10,20,48,97,173,402,956
-97.7,4,6,7,26,40,81,181,332,934
-97.6,2,3,14,18,38,118,190,348,955
-97.5,4,3,10,22,31,96,168,360,950
-97.4,5,1,6,18,28,87,177,398,1012
-97.3,2,4,8,18,41,104,190,363,932
-97.2,2,8,9,15,42,81,209,409,952
-97.1,4,9,6,17,43,101,198,372,916
-97,2,3,3,20,32,91,161,390,921
-96.9,3,1,13,15,34,98,177,398,950
-96.8,2,3,9,22,34,86,201,400,942
-96.7,2,3,13,16,48,85,184,386,959
-96.6,1,2,7,20,37,97,174,366,920
-96.5,2,5,7,15,32,93,182,389,969
-96.4,2,7,5,28,45,99,160,337,919
-96.3,1,4,8,26,39,97,181,358,961
-96.2,0,3,11,19,37,115,179,383,972
-96.1,3,3,9,25,27,87,157,437,980
-96,2,1,14,10,50,99,187,353,912
-95.9,2,5,9,17,32,89,175,368,937
-95.8,0,3,2,20,37,97,190,350,973
-95.7,3,2,8,16,34,100,199,397,926
-95.6,1,5,15,20,37,102,192,377,878
-95.5,3,7,10,17,37,105,185,401,933
-95.4,1,5,10,21,38,79,192,357,982
-95.3,3,2,8,22,48,80,176,386,942
-95.2,2,6,11,24,28,105,179,426,937
-95.1,3,1,7,13,37,84,158,393,939
-95,4,8,12,18,33,79,162,383,933
-94.9,4,2,8,14,26,85,167,396,939
-94.8,2,6,6,14,33,88,184,373,907
-94.7,1,3,8,18,31,98,182,381,851
-94.6,2,1,15,17,41,94,188,358,909
-94.5,1,4,5,17,38,90,184,398,914
-94.4,2,3,7,27,34,104,163,384,964
-94.3,2,4,9,22,46,119,193,404,944
-94.2,2,7,12,15,43,107,164,431,902
-94.1,4,3,12,26,40,103,212,392,919
-94,3,4,7,25,43,108,175,423,915
-93.9,3,3,12,14,39,98,167,347,900
-93.8,0,0,7,17,43,89,206,370,918
-93.7,4,8,11,29,30,91,186,394,924
-93.6,4,3,14,20,46,105,181,364,948
-93.5,2,2,9,25,30,102,194,413,944
-93.4,2,7,5,23,33,90,171,353,924
-93.3,1,2,11,23,44,105,177,408,985
-93.2,1,3,11,23,37,103,165,390,941
-93.1,1,1,6,18,25,93,184,392,992
-93,3,4,8,19,43,95,177,403,909
-92.9,2,2,17,20,33,103,177,404,912
-92.8,0,4,11,26,58,95,186,362,919
-92.7,1,6,8,20,35,90,168,374,948
-92.6,2,4,15,19,41,92,174,409,971
-92.5,1,4,7,24,51,94,176,364,919
-92.4,6,6,6,16,40,123,172,361,899
-92.3,2,4,9,15,43,101,185,401,889
-92.2,4,4,7,18,48,108,199,405,989
-92.1,2,3,10,16,29,110,184,381,937
-92,0,6,14,14,32,90,167,406,908
-91.9,3,9,16,24,41,101,166,377,928
-91.8,1,1,10,22,40,87,189,386,946
-91.7,6,4,14,12,41,84,179,373,971
-91.6,2,4,10,17,28,91,188,382,948
-91.5,3,3,8,19,38,105,169,398,984
-91.4,2,1,11,19,30,88,178,381,906
-91.3,2,3,14,19,50,103,172,414,986
-91.2,5,1,8,13,35,101,191,425,986
-91.1,1,6,9,25,32,95,192,401,973
-91,2,2,9,18,28,91,194,374,927
-90.9,1,5,8,18,38,104,183,336,929
-90.8,2,1,12,19,31,110,190,364,990
-90.7,6,4,10,18,34,88,191,360,924
-90.6,3,2,10,19,46,101,170,369,952
-90.5,7,1,12,21,29,96,180,362,957
-90.4,1,5,10,24,46,103,194,356,934
-90.3,6,1,8,17,57,81,176,380,914
-90.2,2,7,8,21,34,85,176,376,989
-90.1,5,2,15,23,44,109,185,372,961
-90,1,7,17,22,46,84,198,361,961
-89.9,1,5,10,21,39,113,170,378,904
-89.8,5,4,13,14,34,102,186,392,980
-89.7,0,1,9,21,31,95,189,380,940
-89.6,4,2,8,20,35,102,191,376,878
-89.5,2,4,7,20,39,98,190,375,968
-89.4,5,2,14,22,39,83,197,393,942
-89.3,2,6,7,27,38,104,187,366,966
-89.2,2,2,18,16,33,107,151,385,965
-89.1,0,1,12,19,36,97,169,383,908
-89,1,6,9,29,46,102,173,362,979
-88.9,1,2,6,15,32,91,174,385,957
-88.8,0,7,13,25,41,111,162,397,996
-88.7,4,2,6,18,36,124,194,379,969
-88.6,1,5,9,14,34,95,195,362,1022
-88.5,2,4,15,20,40,90,166,386,986
-88.4,3,4,10,34,39,111,181,408,981
-88.3,3,3,7,24,28,92,182,401,936
-88.2,1,3,10,14,35,102,203,373,972
-88.1,1,2,8,19,44,104,153,357,974
-88,1,5,8,14,36,104,176,423,924
-87.9,4,5,9,20,31,97,194,429,943
-87.8,0,4,7,15,37,99,179,399,1008
-87.7,1,5,5,11,37,99,171,400,999
-87.6,0,7,10,18,46,92,174,395,881
-87.5,2,4,4,19,37,107,174,372,992
-87.4,1,3,11,21,40,99,183,395,950
-87.3,3,5,9,20,25,107,180,403,943
-87.2,1,2,17,21,27,99,164,353,960
-87.1,2,1,11,23,39,104,186,346,938
-87,2,3,6,18,39,94,201,356,921
-86.9,0,2,10,20,41,91,184,364,968
-86.8,2,4,16,13,34,88,192,404,885
-86.7,2,3,9,17,40,106,213,381,922
-86.6,3,5,12,32,36,101,150,353,928
-86.5,2,4,9,21,29,92,190,364,972
-86.4,1,3,4,24,32,98,190,383,963
-86.3,4,1,13,22,37,98,186,397,863
-86.2,3,4,10,21,30,87,198,376,958
-86.1,1,3,14,28,34,93,191,386,931
-86,0,5,6,23,39,96,160,388,922
-85.9,4,3,8,15,32,101,160,376,1009
-85.8,4,1,11,24,37,101,159,382,913
-85.7,2,6,10,23,31,109,189,369,965
-85.6,2,2,8,21,44,94,166,396,903
-85.5,4,4,5,22,39,106,186,377,1007
-85.4,1,3,7,11,44,105,170,382,930
-85.3,3,4,5,22,32,85,190,379,946
-85.2,0,3,8,17,58,98,179,376,938
-85.1,2,5,16,20,51,122,177,363,934
-85,1,1,7,11,43,105,163,384,925
-84.9,3,3,14,23,45,98,161,362,897
-84.8,1,3,6,17,43,89,195,437,936
-84.7,1,6,18,10,45,112,160,392,939
-84.6,2,3,5,18,48,98,179,370,971
-84.5,5,6,12,17,50,95,168,354,970
-84.4,3,1,13,21,43,82,202,382,942
-84.3,1,4,10,22,43,100,178,372,965
-84.2,1,2,12,26,43,90,171,385,952
-84.1,1,2,9,19,33,93,158,381,952
-84,1,5,13,18,44,106,195,385,932
-83.9,6,5,12,9,52,81,188,387,1006
-83.8,0,6,17,22,40,103,179,393,937
-83.7,2,3,9,27,34,94,204,390,913
-83.6,4,2,9,23,36,99,212,352,925
-83.5,2,3,7,16,37,106,189,370,944
-83.4,3,3,9,18,38,91,172,351,891
-83.3,2,4,11,18,50,109,191,385,911
-83.2,2,4,8,25,49,81,190,396,874
-83.1,2,3,9,19,50,122,194,385,950
-83,2,2,12,20,47,104,178,374,1007
-82.9,1,4,6,21,38,97,188,406,955
-82.8,0,4,6,16,48,99,175,388,963
-82.7,1,4,8,26,35,92,181,403,941
-82.6,2,2,11,13,35,96,160,359,936
-82.5,2,4,13,28,52,119,154,364,975
-82.4,1,6,12,17,60,108,177,389,901
-82.3,2,4,11,18,35,93,183,366,921
-82.2,2,5,13,21,44,99,181,409,878
-82.1,0,9,9,19,40,100,188,397,961
-82,1,4,13,26,39,96,171,395,948
-81.9,1,3,9,19,44,91,177,333,990
-81.8,2,3,13,24,47,90,153,394,960
-81.7,4,3,4,17,43,107,198,379,907
-81.6,2,3,8,21,41,95,197,382,951
-81.5,1,2,8,19,32,91,184,357,940
-81.4,1,3,5,29,37,105,220,403,919
-81.3,2,5,10,19,43,93,188,344,998
-81.2,0,3,6,26,42,113,163,377,903
-81.1,0,6,12,16,40,85,179,368,990
-81,2,2,5,23,43,103,161,391,942
-80.9,1,0,9,23,47,104,153,427,982
-80.8,2,5,12,18,40,91,206,427,987
-80.7,3,2,9,27,42,109,175,399,885
-80.6,4,6,13,20,35,108,176,381,910
-80.5,2,5,9,15,34,95,170,364,986
-80.4,0,5,10,22,43,111,206,372,934
-80.3,1,2,9,21,52,110,194,401,1002
-80.2,1,4,9,20,36,115,190,368,1005
-80.1,1,6,12,18,30,84,198,348,941
-80,0,2,8,20,34,116,177,407,899
-79.9,3,5,9,22,35,99,170,395,988
-79.8,4,4,15,20,40,110,174,374,942
-79.7,1,5,11,15,47,107,178,382,916
-79.6,3,4,8,22,35,122,171,368,918
-79.5,1,4,13,19,36,108,199,390,958
-79.4,1,3,10,14,35,105,178,406,961
-79.3,0,1,3,14,25,102,181,398,943
-79.2,0,5,5,17,28,99,178,363,964
-79.1,2,2,11,15,49,103,174,417,918
-79,0,3,17,16,40,88,186,386,933
-78.9,2,2,7,13,34,107,173,384,953
-78.8,2,2,12,16,43,111,197,390,946
-78.7,4,3,11,22,43,89,192,368,903
-78.6,2,3,11,17,32,92,194,423,971
-78.5,2,0,9,19,46,94,200,373,915
-78.4,1,5,10,11,32,104,187,353,925
-78.3,1,6,9,17,29,102,182,342,942
-78.2,3,6,9,23,42,88,202,386,983
-78.1,2,3,8,22,40,109,180,418,929
-78,3,6,13,19,34,100,201,415,972
-77.9,1,5,10,18,39,92,192,363,936
-77.8,3,3,6,28,42,94,173,397,946
-77.7,3,4,4,14,40,99,183,378,1010
-77.6,3,3,9,21,39,115,170,365,920
-77.5,2,2,10,19,37,87,186,419,980
-77.4,2,6,14,22,40,127,168,371,970
-77.3,2,8,12,18,46,98,197,384,918
-77.2,2,4,9,30,38,84,165,389,914
-77.1,1,1,10,24,36,100,180,373,976
-77,4,7,12,24,36,90,150,379,940
-76.9,2,5,8,19,28,118,181,389,1001
-76.8,3,2,7,21,38,104,178,354,975
-76.7,2,5,6,13,34,122,198,391,908
-76.6,3,3,6,15,36,109,188,351,957
-76.5,0,6,8,17,45,77,192,365,975
-76.4,3,2,9,18,50,87,174,415,952
-76.3,0,2,10,16,31,101,174,383,989
-76.2,0,4,11,18,33,87,180,396,893
-76.1,4,3,7,8,34,113,171,393,934
-76,4,4,8,14,35,104,183,400,995
-75.9,2,2,11,21,26,94,162,399,966
-75.8,3,3,9,17,38,88,191,391,924
-75.7,4,2,5,23,40,107,196,381,984
-75.6,1,4,5,16,45,111,190,402,971
-75.5,3,7,16,13,49,111,195,391,961
-75.4,2,2,11,24,46,85,181,369,903
-75.3,1,5,10,11,31,109,181,368,943
-75.2,2,2,6,18,46,99,183,397,1042
-75.1,2,7,7,28,40,94,190,386,961
-75,2,5,11,17,42,108,184,377,951
-74.9,2,3,10,19,35,94,186,397,954
-74.8,1,6,11,18,33,105,171,409,944
-74.7,3,5,8,24,54,104,188,372,916
-74.6,2,6,11,23,38,89,202,388,958
-74.5,0,1,18,15,42,82,210,371,959
-74.4,2,8,11,24,43,102,172,360,997
-74.3,1,4,12,21,49,95,182,427,1000
-74.2,2,3,13,28,49,112,165,361,896
-74.1,0,4,9,24,36,84,192,418,957
-74,5,3,17,17,41,96,182,398,992
-73.9,2,3,14,18,50,87,168,386,982
-73.8,5,4,11,23,36,86,181,396,902
-73.7,2,1,6,14,34,117,197,378,953
-73.6,5,0,5,21,36,99,192,401,974
-73.5,3,3,9,24,42,98,188,394,998
-73.4,2,3,10,19,39,115,181,404,943
-73.3,2,4,13,22,36,92,166,415,1045
-73.2,1,3,9,17,50,87,169,401,903
-73.1,4,5,8,18,44,102,165,383,839
-73,3,5,9,21,40,109,182,359,948
-72.9,1,6,10,20,40,92,191,420,940
-72.8,6,1,12,15,40,81,190,384,881
-72.7,1,7,9,23,38,106,178,368,930
-72.6,1,6,11,21,42,89,185,387,946
-72.5,3,2,12,19,49,86,167,371,930
-72.4,1,0,13,21,42,109,179,388,911
-72.3,0,5,5,18,39,85,155,357,995
-72.2,1,3,10,20,53,105,178,367,916
-72.1,1,4,8,17,48,93,184,455,919
-72,5,2,13,15,40,95,179,386,964
-71.9,3,2,12,23,40,111,185,397,929
-71.8,1,3,13,9,42,106,176,378,959
-71.7,0,4,10,28,40,91,166,377,901
-71.6,2,3,8,21,40,114,179,393,1004
-71.5,3,5,8,24,45,81,184,373,981
-71.4,3,4,14,24,35,97,172,393,932
-71.3,1,3,7,23,34,103,172,414,946
-71.2,2,2,13,20,44,101,172,353,978
-71.1,3,3,13,26,32,83,179,367,985
-71,4,9,11,27,37,100,184,389,942
-70.9,3,5,12,22,50,110,181,370,945
-70.8,2,4,8,17,37,104,185,380,999
-70.7,0,1,14,14,43,102,176,405,902
-70.6,1,3,16,20,32,94,191,399,957
-70.5,2,3,16,15,45,101,201,346,974
-70.4,2,6,10,12,34,92,167,379,945
-70.3,2,7,11,19,43,98,188,394,926
-70.2,2,5,9,23,42,96,191,402,941
-70.1,4,1,11,22,52,97,188,379,973
-70,3,6,5,21,44,92,184,410,941
-69.9,0,5,5,19,43,104,184,419,936
-69.8,1,1,23,15,48,110,187,386,917
-69.7,3,4,11,20,37,124,208,398,931
-69.6,2,5,12,23,38,95,163,416,963
-69.5,1,5,9,12,42,91,178,387,869
-69.4,1,1,9,20,37,98,166,396,981
-69.3,4,3,12,24,37,93,163,377,1007
-69.2,0,1,11,24,47,101,153,364,963
-69.1,2,6,9,24,32,88,152,367,944
-69,1,3,11,14,34,90,180,374,970
-68.9,2,4,12,21,48,99,171,418,1010
-68.8,2,7,11,25,40,102,170,399,908
-68.7,2,3,6,18,41,96,164,380,1033
-68.6,1,3,9,24,45,92,188,383,984
-68.5,3,3,8,13,39,101,189,366,893
-68.4,0,8,15,19,42,80,202,398,952
-68.3,3,4,4,19,43,106,191,411,945
-68.2,1,4,11,21,49,100,178,382,994
-68.1,2,4,5,19,40,109,206,373,946
-68,1,5,12,21,33,96,183,403,874
-67.9,3,4,8,25,30,103,176,429,933
-67.8,0,6,11,17,40,103,158,365,945
-67.7,2,2,7,19,36,98,195,364,962
-67.6,1,3,10,15,39,100,185,395,956
-67.5,1,4,8,22,50,99,177,376,1013
-67.4,2,7,12,18,40,83,159,385,930
-67.3,2,1,10,22,29,94,181,406,958
-67.2,1,7,9,23,40,93,161,367,920
-67.1,1,4,15,22,36,101,186,407,909
-67,1,4,8,14,48,109,164,379,980
-66.9,5,5,9,15,43,108,221,366,1027
-66.8,3,3,8,12,38,95,181,353,939
-66.7,2,6,9,17,29,93,178,391,992
-66.6,5,1,10,14,31,85,167,383,897
-66.5,0,3,4,20,44,120,160,427,907
-66.4,0,1,5,23,38,92,181,365,1003
-66.3,1,4,9,13,46,106,183,368,955
-66.2,4,5,9,24,39,97,170,396,961
-66.1,2,5,9,19,35,109,165,361,957
-66,1,5,10,20,35,117,192,395,960
-65.9,2,6,9,27,32,104,167,418,929
-65.8,5,4,10,19,42,84,180,400,912
-65.7,3,6,3,20,45,111,200,403,921
-65.6,2,4,7,21,47,101,177,416,993
-65.5,3,4,7,19,24,84,179,402,1000
-65.4,3,4,12,12,41,87,196,374,901
-65.3,2,2,12,24,31,110,196,404,948
-65.2,4,4,16,20,37,90,176,376,985
-65.1,1,5,10,25,34,104,182,400,978
-65,2,0,13,20,34,96,183,354,989
-64.9,1,4,11,16,32,97,173,393,871
-64.8,3,4,11,21,49,102,177,376,965
-64.7,4,9,6,27,22,106,171,374,988
-64.6,0,6,20,19,32,92,188,346,982
-64.5,1,3,8,21,38,85,182,398,967
-64.4,4,2,13,20,39,107,189,368,996
-64.3,4,5,14,15,36,106,188,398,922
-64.2,3,1,7,15,31,114,175,392,960
-64.1,3,6,10,19,40,99,187,385,965
-64,1,6,10,22,29,96,186,414,909
-63.9,2,3,16,13,35,85,183,390,942
-63.8,4,3,11,21,31,102,167,387,990
-63.7,0,4,9,20,37,91,199,408,943
-63.6,3,1,6,25,39,117,190,375,969
-63.5,1,2,13,15,52,108,182,362,1002
-63.4,2,9,11,22,37,83,175,391,968
-63.3,2,9,11,23,29,89,174,402,973
-63.2,2,10,8,18,40,107,192,370,970
-63.1,1,4,15,23,36,98,158,373,938
-63,3,7,16,14,37,89,204,400,943
-62.9,1,3,9,21,42,106,177,331,997
-62.8,1,3,11,24,39,94,172,401,1011
-62.7,2,5,16,16,35,83,172,379,964
-62.6,1,1,7,20,36,99,173,358,969
-62.5,1,6,3,23,39,92,180,361,919
-62.4,3,3,7,29,32,86,192,361,954
-62.3,2,4,11,25,44,110,178,353,944
-62.2,2,5,6,20,33,115,177,420,1011
-62.1,1,5,8,19,29,88,160,371,935
-62,0,6,10,13,36,84,188,365,934
-61.9,1,2,9,16,32,98,216,383,1010
-61.8,3,5,9,23,49,99,175,363,998
-61.7,2,2,15,22,31,86,183,396,963
-61.6,0,5,14,24,38,88,168,379,908
-61.5,2,5,8,12,47,97,174,402,965
-61.4,3,4,15,13,36,79,173,439,919
-61.3,3,4,15,22,47,97,167,364,947
-61.2,2,3,7,17,47,105,189,397,962
-61.1,2,1,12,16,38,101,189,386,994
-61,3,2,13,18,41,101,182,401,981
-60.9,1,3,8,18,30,73,190,377,985
-60.8,1,7,6,21,52,102,179,408,981
-60.7,2,3,11,16,32,92,179,379,915
-60.6,2,3,12,18,34,99,158,406,997
-60.5,0,5,6,20,40,105,168,417,973
-60.4,0,4,7,23,37,94,176,359,1005
-60.3,3,3,12,16,42,108,192,380,940
-60.2,1,8,10,17,39,100,198,378,945
-60.1,5,3,6,21,42,107,189,367,920
-60,2,4,10,25,41,98,202,421,958
-59.9,2,4,5,14,40,80,169,382,937
-59.8,1,2,10,16,38,92,197,390,895
-59.7,1,4,16,18,39,100,187,371,961
-59.6,3,5,8,26,39,99,189,384,926
-59.5,3,3,11,15,48,105,172,394,945
-59.4,4,7,7,16,44,95,139,377,926
-59.3,3,3,6,18,47,113,171,388,962
-59.2,3,3,16,19,38,93,173,399,925
-59.1,3,7,8,25,47,86,199,392,1019
-59,4,4,9,15,37,96,183,380,956
-58.9,2,4,17,12,29,97,179,354,947
-58.8,2,7,8,28,46,97,193,362,984
-58.7,1,7,9,10,48,105,172,410,955
-58.6,2,4,12,20,41,113,189,412,930
-58.5,1,3,10,24,39,88,177,414,986
-58.4,3,5,16,20,46,113,158,382,937
-58.3,2,3,6,24,28,99,174,393,931
-58.2,0,5,16,22,41,96,157,361,1030
-58.1,2,4,9,14,36,102,175,361,977
-58,0,4,11,22,35,117,196,403,953
-57.9,3,4,9,21,33,96,174,397,981
-57.8,0,4,6,20,41,108,177,392,965
-57.7,3,4,9,23,46,96,198,389,915
-57.6,3,5,11,21,35,94,170,391,982
-57.5,2,1,12,26,48,105,160,353,954
-57.4,1,4,9,23,42,101,182,387,958
-57.3,0,0,12,21,31,105,193,401,938
-57.2,3,8,15,17,32,108,182,424,972
-57.1,4,3,12,20,45,85,194,372,896
-57,2,5,8,25,34,90,166,384,938
-56.9,1,2,14,30,49,84,166,398,1003
-56.8,1,4,14,18,37,102,168,409,1002
-56.7,0,4,9,25,44,113,171,400,1010
-56.6,4,5,9,26,42,89,188,409,984
-56.5,5,4,7,17,43,99,180,389,972
-56.4,1,1,9,15,42,107,165,388,945
-56.3,3,8,11,21,41,89,186,410,983
-56.2,2,7,10,23,37,104,172,381,1003
-56.1,4,7,12,13,43,104,206,386,1022
-56,0,5,7,24,27,72,195,367,920
-55.9,1,5,6,14,55,110,188,434,962
-55.8,1,6,8,25,44,80,173,423,1006
-55.7,3,2,8,22,38,102,186,390,949
-55.6,3,2,12,20,36,101,160,387,894
-55.5,2,4,17,27,43,100,213,391,954
-55.4,2,4,7,21,41,110,203,387,1005
-55.3,0,4,8,20,44,99,168,385,973
-55.2,4,4,21,24,47,121,203,394,1036
-55.1,4,2,9,19,38,97,164,374,989
-55,1,2,10,27,36,82,191,400,974
-54.9,1,6,10,18,40,97,201,405,998
-54.8,4,6,17,20,41,95,168,373,934
-54.7,3,2,9,19,35,105,182,408,979
-54.6,1,2,15,20,32,103,163,404,1009
-54.5,4,3,9,21,31,97,184,388,974
-54.4,4,7,13,18,34,116,171,375,976
-54.3,0,1,7,25,41,105,178,368,1024
-54.2,4,3,8,20,35,98,179,403,1049
-54.1,0,5,4,22,38,92,165,389,952
-54,4,7,9,21,40,90,172,387,989
-53.9,5,4,7,20,49,105,191,410,985
-53.8,2,8,15,19,47,96,175,387,975
-53.7,2,4,7,18,31,102,188,408,924
-53.6,2,6,11,9,37,100,177,407,970
-53.5,1,2,10,21,35,101,182,391,1018
-53.4,1,5,17,19,38,87,186,395,949
-53.3,3,7,10,18,40,110,169,364,1007
-53.2,3,4,7,19,39,104,200,400,937
-53.1,3,4,6,19,37,107,153,379,944
-53,4,4,8,22,37,108,185,381,1002
-52.9,2,3,13,20,37,83,184,378,967
-52.8,4,3,7,20,35,82,198,368,971
-52.7,3,5,13,13,40,94,189,411,1003
-52.6,0,3,9,26,26,106,177,429,1000
-52.5,3,4,8,27,39,113,193,382,960
-52.4,2,3,8,21,42,89,166,355,996
-52.3,4,4,19,17,39,98,196,400,961
-52.2,1,5,9,21,41,98,201,376,966
-52.1,3,2,11,27,47,109,175,404,991
-52,1,4,12,20,33,82,192,365,1019
-51.9,2,4,11,24,39,106,180,384,881
-51.8,2,7,14,19,37,116,177,403,1003
-51.7,1,0,13,14,28,99,178,425,960
-51.6,2,4,8,22,42,102,201,414,918
-51.5,4,5,12,22,36,90,190,378,940
-51.4,3,7,10,9,37,100,179,386,923
-51.3,2,4,6,20,38,93,196,387,974
-51.2,1,1,9,14,42,93,186,385,939
-51.1,1,3,11,21,33,110,179,407,997
-51,0,8,6,17,37,89,190,391,950
-50.9,1,4,9,21,30,90,174,411,976
-50.8,0,6,11,26,42,90,161,394,944
-50.7,5,3,9,11,44,100,182,349,965
-50.6,2,1,16,24,37,96,158,390,1001
-50.5,0,3,15,14,29,93,175,440,1005
-50.4,4,4,12,23,37,116,188,388,986
-50.3,2,2,11,27,35,110,174,381,966
-50.2,0,0,7,18,30,91,181,370,913
-50.1,0,4,13,19,30,104,172,353,953
-50,2,3,6,20,46,104,181,379,952
-49.9,4,3,12,22,38,99,171,379,963
-49.8,2,3,11,14,25,114,167,372,910
-49.7,2,2,14,25,33,89,179,375,946
-49.6,3,0,10,25,38,94,194,353,989
-49.5,5,3,8,30,38,94,179,403,982
-49.4,1,7,7,20,45,105,202,410,923
-49.3,4,6,11,21,34,104,155,398,937
-49.2,5,2,14,18,34,107,155,378,972
-49.1,0,4,13,16,40,115,174,356,932
-49,2,3,15,20,35,109,181,390,978
-48.9,1,2,7,16,43,117,180,421,943
-48.8,5,7,10,12,45,90,188,397,934
-48.7,1,7,15,29,33,90,191,403,908
-48.6,4,5,10,26,33,113,195,362,915
-48.5,1,2,5,14,43,108,198,355,984
-48.4,1,4,12,14,36,102,168,390,974
-48.3,1,2,3,14,41,98,194,423,972
-48.2,0,4,14,21,40,88,180,359,953
-48.1,2,3,8,15,44,103,190,397,961
-48,4,4,11,21,44,112,177,371,977
-47.9,1,6,13,22,36,104,181,387,996
-47.8,1,6,8,23,46,116,168,368,981
-47.7,5,3,17,25,51,97,173,408,1040
-47.6,3,1,8,21,36,103,180,391,955
-47.5,0,2,14,19,50,91,185,393,971
-47.4,1,3,9,21,26,94,184,361,906
-47.3,2,6,15,14,42,108,176,408,976
-47.2,0,1,9,17,39,98,176,371,1006
-47.1,0,4,15,23,50,108,149,401,976
-47,3,4,11,10,51,88,184,385,960
-46.9,2,5,7,20,43,98,163,387,942
-46.8,2,8,4,19,39,93,179,367,939
-46.7,0,3,10,15,40,101,184,428,973
-46.6,2,4,4,32,40,78,186,373,942
-46.5,3,4,13,19,46,97,191,382,991
-46.4,2,3,6,21,30,98,197,383,949
-46.3,2,1,9,20,43,99,183,376,918
-46.2,2,9,10,24,35,91,170,397,931
-46.1,0,3,8,14,38,84,181,365,998
-46,2,5,11,10,45,117,183,416,981
-45.9,2,8,7,19,33,82,208,386,1006
-45.8,3,3,7,29,33,88,163,359,985
-45.7,1,6,10,25,38,106,194,436,976
-45.6,4,1,14,16,36,109,200,387,961
-45.5,0,2,6,16,42,80,175,373,946
-45.4,3,5,9,19,44,96,195,409,1017
-45.3,2,6,12,22,36,86,200,377,975
-45.2,0,8,11,14,27,95,196,361,953
-45.1,6,4,7,19,40,97,183,402,908
-45,1,2,10,15,34,92,160,397,972
-44.9,0,3,11,16,45,90,198,365,958
-44.8,1,8,11,23,33,101,173,357,984
-44.7,1,3,10,16,42,98,192,369,960
-44.6,2,6,8,23,32,112,194,380,948
-44.5,0,3,9,18,39,93,192,414,961
-44.4,2,5,6,13,43,96,188,399,958
-44.3,0,2,7,20,48,93,177,402,944
-44.2,3,9,17,24,52,101,173,387,1000
-44.1,3,8,18,17,46,115,148,388,948
-44,0,5,7,22,43,105,187,386,1009
-43.9,1,7,12,23,34,92,182,414,1018
-43.8,0,6,8,19,46,104,166,392,953
-43.7,0,4,11,23,39,115,186,380,939
-43.6,2,2,6,23,36,89,177,388,936
-43.5,1,3,7,28,35,90,184,413,929
-43.4,1,5,10,23,50,101,199,416,962
-43.3,1,6,6,19,40,116,186,352,942
-43.2,3,4,13,16,37,116,177,377,952
-43.1,6,1,4,22,46,108,181,376,964
-43,1,4,5,19,36,80,178,382,973
-42.9,3,1,5,12,44,101,172,410,968
-42.8,2,3,8,12,42,102,182,345,902
-42.7,2,4,9,11,40,118,206,378,942
-42.6,2,4,12,24,45,101,180,383,974
-42.5,4,4,6,25,32,112,195,385,921
-42.4,1,6,7,19,38,99,177,394,949
-42.3,2,5,9,25,39,94,183,398,973
-42.2,1,7,15,23,47,98,203,385,967
-42.1,0,6,12,25,45,87,171,393,1012
-42,1,3,6,13,33,113,151,346,983
-41.9,3,7,8,23,41,107,197,388,999
-41.8,0,2,15,19,31,98,172,416,980
-41.7,3,2,9,22,50,88,182,399,953
-41.6,3,3,10,31,40,92,187,361,951
-41.5,2,0,8,24,53,90,169,394,979
-41.4,1,3,13,29,41,90,178,373,948
-41.3,4,3,8,23,40,106,168,342,973
-41.2,2,4,10,24,44,116,190,396,1027
-41.1,2,5,10,15,46,102,197,379,964
-41,2,4,13,29,50,114,167,359,1005
-40.9,6,2,8,25,36,96,188,354,952
-40.8,4,5,5,21,48,103,194,365,1003
-40.7,0,3,7,18,47,99,171,362,951
-40.6,2,2,9,24,41,118,192,397,1006
-40.5,3,2,6,22,55,90,185,373,975
-40.4,0,2,8,12,34,115,171,401,1008
-40.3,0,5,6,16,41,110,191,353,949
-40.2,1,6,12,19,45,88,217,377,959
-40.1,0,5,13,27,38,106,190,383,976
-40,2,6,8,27,43,107,196,415,973
-39.9,1,3,6,12,42,105,184,400,939
-39.8,2,6,6,18,30,91,194,396,1011
-39.7,2,2,5,19,45,107,169,378,972
-39.6,2,3,5,23,42,108,198,390,910
-39.5,4,1,14,24,50,105,187,415,964
-39.4,2,11,11,20,42,105,174,365,994
-39.3,1,6,7,13,42,100,157,391,1010
-39.2,3,2,9,21,41,108,172,383,954
-39.1,1,3,9,20,40,97,198,417,984
-39,1,5,12,14,38,119,182,365,981
-38.9,0,6,12,16,36,96,181,389,938
-38.8,6,2,8,30,34,91,191,417,1005
-38.7,3,6,13,21,32,120,187,438,985
-38.6,1,4,16,25,39,99,182,361,942
-38.5,2,3,10,24,44,110,151,383,983
-38.4,2,6,13,23,41,115,196,380,1027
-38.3,3,4,6,24,45,123,198,402,996
-38.2,3,0,5,21,39,102,182,406,998
-38.1,2,2,9,27,38,98,194,410,894
-38,3,5,11,27,36,87,185,362,985
-37.9,3,4,14,20,45,107,163,397,1020
-37.8,2,2,6,22,45,97,152,416,940
-37.7,5,1,9,24,49,97,161,406,937
-37.6,1,2,12,23,40,83,199,379,959
-37.5,3,1,17,22,44,103,182,408,956
-37.4,6,4,6,23,50,97,198,385,1029
-37.3,2,2,11,24,43,91,165,385,964
-37.2,2,3,7,20,42,115,194,416,946
-37.1,0,7,11,14,47,102,196,386,1013
-37,3,3,9,23,44,123,172,382,985
-36.9,1,4,13,15,49,109,159,407,994
-36.8,1,3,12,25,43,116,194,399,1002
-36.7,1,5,11,18,27,76,193,360,983
-36.6,0,2,10,17,38,102,202,429,975
-36.5,1,4,11,16,40,102,188,390,963
-36.4,2,0,9,22,42,98,186,377,954
-36.3,2,2,6,16,43,130,167,448,957
-36.2,2,2,5,27,45,90,164,400,994
-36.1,2,3,9,26,48,111,158,399,970
-36,2,2,8,24,45,105,198,398,980
-35.9,1,3,6,28,43,108,174,408,1010
-35.8,1,3,6,20,37,99,190,396,949
-35.7,1,3,10,21,29,107,192,392,963
-35.6,1,6,9,24,36,94,172,432,1004
-35.5,3,3,14,23,41,118,162,420,934
-35.4,4,6,10,21,43,101,167,380,982
-35.3,2,3,15,14,47,95,179,404,996
-35.2,3,3,13,29,44,104,185,349,949
-35.1,0,7,10,17,37,112,193,434,970
-35,0,3,8,16,40,99,204,374,903
-34.9,2,2,11,22,30,119,164,389,1003
-34.8,1,6,12,17,48,103,170,392,969
-34.7,2,3,11,22,41,98,170,381,1038
-34.6,1,1,11,17,39,115,182,394,1006
-34.5,1,3,13,21,38,103,215,389,912
-34.4,1,7,8,23,45,112,195,386,913
-34.3,2,7,16,22,31,99,178,383,1014
-34.2,6,6,10,18,41,96,189,410,993
-34.1,3,6,12,30,50,110,192,443,955
-34,2,6,16,17,41,98,200,403,1020
-33.9,3,5,10,12,35,82,164,422,963
-33.8,2,5,13,23,43,90,186,422,1013
-33.7,1,0,12,21,43,98,186,383,910
-33.6,1,2,6,30,40,84,170,383,967
-33.5,1,7,11,15,44,116,173,403,962
-33.4,0,6,12,20,38,97,208,425,1013
-33.3,5,0,10,20,39,91,204,438,977
-33.2,1,2,10,28,45,91,182,369,993
-33.1,5,5,12,17,25,104,179,341,960
-33,0,3,8,17,43,125,184,348,998
-32.9,3,3,11,19,51,109,191,437,903
-32.8,1,2,7,27,45,108,197,388,1033
-32.7,0,4,7,13,42,95,192,371,980
-32.6,3,5,7,15,42,85,213,372,981
-32.5,0,4,19,13,34,96,180,416,961
-32.4,0,3,10,18,41,103,177,398,991
-32.3,1,3,11,25,43,94,196,382,950
-32.2,2,4,13,20,34,121,172,419,1026
-32.1,1,1,11,27,46,109,185,387,932
-32,3,7,21,18,41,98,196,396,944
-31.9,1,5,2,20,45,108,165,390,1004
-31.8,2,2,10,21,49,74,158,397,1003
-31.7,0,6,11,21,45,100,159,358,990
-31.6,3,4,7,21,35,106,178,383,997
-31.5,3,7,7,9,42,118,177,390,935
-31.4,1,3,5,15,42,98,195,364,965
-31.3,2,3,11,17,38,94,197,376,1035
-31.2,2,4,12,11,45,101,198,382,966
-31.1,2,6,12,19,34,94,184,387,973
-31,2,3,13,24,38,120,184,409,968
-30.9,2,3,9,23,44,105,183,377,987
-30.8,1,6,15,19,30,108,194,402,979
-30.7,1,3,6,23,38,106,167,375,989
-30.6,0,3,6,16,33,100,196,369,950
-30.5,1,3,13,23,27,107,163,368,1006
-30.4,3,2,11,20,37,119,184,408,972
-30.3,1,3,14,32,35,96,176,367,955
-30.2,3,3,10,19,37,104,188,408,971
-30.1,0,4,9,17,41,107,180,382,953
-30,0,2,10,12,44,93,195,386,969
-29.9,0,6,10,21,44,103,191,389,947
-29.8,0,4,10,22,50,115,176,390,940
-29.7,1,4,8,18,37,84,192,412,1004
-29.6,2,2,8,15,34,104,189,371,985
-29.5,1,2,17,23,39,95,172,368,1018
-29.4,1,3,9,18,41,113,177,371,942
-29.3,0,2,6,16,35,94,189,400,969
-29.2,3,3,11,19,41,99,172,437,1031
-29.1,1,2,7,17,32,92,211,386,968
-29,1,1,6,20,40,104,176,375,935
-28.9,1,7,9,22,39,102,154,410,959
-28.8,2,3,6,15,24,109,212,391,947
-28.7,1,6,10,20,38,90,192,404,945
-28.6,3,7,7,22,58,93,198,399,940
-28.5,1,4,9,26,35,97,187,366,1012
-28.4,1,2,13,25,45,109,186,408,993
-28.3,0,3,10,15,35,103,186,381,986
-28.2,2,5,7,26,48,100,180,373,966
-28.1,1,4,11,17,41,88,180,424,955
-28,4,6,8,27,45,94,181,418,960
-27.9,2,5,10,20,38,115,169,413,1012
-27.8,0,6,15,18,36,90,175,402,975
-27.7,2,2,18,33,46,101,175,392,967
-27.6,2,5,17,23,34,80,190,373,1027
-27.5,3,3,13,23,34,85,169,394,989
-27.4,2,3,11,16,41,106,201,389,951
-27.3,3,3,10,23,43,87,177,396,934
-27.2,4,6,10,25,53,77,191,385,950
-27.1,1,4,7,23,33,104,177,391,954
-27,4,3,9,29,37,107,193,406,970
-26.9,2,4,14,14,37,94,177,353,998
-26.8,1,2,9,25,32,97,177,386,964
-26.7,1,4,13,18,43,95,181,419,960
-26.6,2,1,10,21,44,86,186,436,951
-26.5,2,2,6,20,42,83,195,384,1002
-26.4,0,3,8,17,34,82,212,390,1018
-26.3,1,5,9,14,42,87,163,406,1000
-26.2,4,5,9,15,41,94,159,375,973
-26.1,2,4,13,22,37,108,193,414,986
-26,1,5,14,12,31,84,201,386,993
-25.9,1,0,7,19,40,99,207,399,976
-25.8,1,7,13,25,45,79,169,392,925
-25.7,5,1,12,19,40,97,212,407,1016
-25.6,3,8,9,26,43,107,181,403,957
-25.5,2,7,10,18,41,111,188,390,1021
-25.4,1,4,9,11,49,91,170,408,922
-25.3,0,4,5,21,25,97,192,394,993
-25.2,7,6,10,17,40,104,195,379,988
-25.1,1,2,14,22,40,110,170,407,1012
-25,2,4,9,19,41,92,188,392,995
-24.9,1,4,15,14,33,103,144,403,949
-24.8,1,6,11,13,42,89,193,394,1021
-24.7,2,3,13,19,40,120,201,415,948
-24.6,2,4,10,28,34,103,162,378,1003
-24.5,4,3,11,22,33,111,173,397,941
-24.4,0,2,6,35,31,84,192,389,971
-24.3,2,5,8,27,55,119,188,359,973
-24.2,1,7,9,16,47,89,204,400,966
-24.1,3,3,7,18,44,98,204,393,980
-24,2,3,10,14,36,103,183,393,953
-23.9,4,5,16,15,45,91,194,388,922
-23.8,2,7,6,16,41,84,199,377,1009
-23.7,3,2,7,18,44,108,175,378,970
-23.6,1,2,14,17,47,104,187,393,1031
-23.5,2,3,7,14,38,103,181,418,961
-23.4,1,3,11,16,51,108,185,416,995
-23.3,0,2,10,16,42,88,182,405,998
-23.2,3,7,11,26,42,108,191,427,976
-23.1,2,3,7,25,39,96,185,376,904
-23,4,4,13,13,50,96,178,422,985
-22.9,4,4,8,19,46,115,181,382,979
-22.8,0,2,14,13,43,127,185,395,935
-22.7,3,1,12,17,44,107,179,392,944
-22.6,3,1,6,19,36,89,178,394,992
-22.5,2,4,7,17,38,92,186,424,972
-22.4,1,4,14,21,43,98,170,379,986
-22.3,0,4,9,23,41,93,191,420,1002
-22.2,0,4,12,17,37,116,198,369,1048
-22.1,2,4,9,24,33,106,190,389,985
-22,1,4,15,23,47,92,203,404,975
-21.9,3,4,10,23,37,109,200,414,990
-21.8,2,5,7,28,39,99,186,416,1002
-21.7,2,4,5,17,41,90,196,363,1027
-21.6,1,4,4,15,40,88,180,398,971
-21.5,2,1,10,18,32,108,187,395,1003
-21.4,2,5,11,15,39,91,201,426,972
-21.3,2,6,11,20,42,88,200,386,1053
-21.2,1,2,13,23,45,119,162,401,1018
-21.1,1,3,12,18,28,111,206,384,1012
-21,0,3,5,17,45,92,193,431,970
-20.9,0,1,10,22,50,116,186,419,977
-20.8,3,6,12,18,47,84,198,401,968
-20.7,0,4,9,28,36,113,161,386,957
-20.6,1,5,9,22,46,111,188,413,1012
-20.5,2,3,12,21,48,125,172,408,1011
-20.4,5,1,8,19,40,107,177,401,949
-20.3,2,2,6,17,40,104,168,391,989
-20.2,2,3,16,14,40,82,165,388,985
-20.1,0,3,3,25,38,110,175,404,976
-20,3,0,10,17,45,87,169,405,971
-19.9,3,3,12,25,36,92,199,403,982
-19.8,2,2,17,26,40,117,192,376,1007
-19.7,3,3,8,26,47,101,172,403,999
-19.6,2,2,4,26,45,91,173,377,998
-19.5,1,2,10,19,51,100,179,412,954
-19.4,1,5,8,18,48,87,194,419,1006
-19.3,1,3,11,21,34,110,169,410,913
-19.2,3,2,7,14,46,93,183,441,961
-19.1,1,1,8,23,36,106,213,416,950
-19,3,7,11,15,52,83,189,400,961
-18.9,2,5,5,16,41,99,177,386,998
-18.8,1,1,9,23,45,95,207,394,935
-18.7,2,1,13,20,54,105,185,347,938
-18.6,5,4,11,20,27,92,196,365,954
-18.5,0,3,10,19,38,114,183,374,906
-18.4,4,2,6,23,38,107,178,423,1003
-18.3,3,3,14,21,48,99,163,398,964
-18.2,1,4,18,22,41,109,194,402,947
-18.1,3,3,10,29,31,123,205,366,973
-18,1,5,10,21,33,96,182,377,948
-17.9,1,6,11,23,37,101,186,447,1052
-17.8,1,4,12,17,51,103,194,390,939
-17.7,0,1,7,25,40,104,172,389,970
-17.6,3,4,7,20,25,106,192,366,868
-17.5,2,5,8,19,26,96,161,361,997
-17.4,3,5,16,21,33,101,186,398,969
-17.3,1,1,10,18,34,96,197,426,957
-17.2,2,1,10,22,37,110,189,375,939
-17.1,3,1,8,18,37,106,186,365,912
-17,2,4,15,21,37,97,189,348,1041
-16.9,1,4,8,20,30,90,165,407,993
-16.8,2,4,12,14,52,104,171,374,945
-16.7,2,3,8,25,38,106,168,383,972
-16.6,2,3,16,20,46,89,186,394,923
-16.5,2,1,12,26,39,90,203,425,1005
-16.4,2,0,13,20,38,106,173,404,979
-16.3,2,3,18,25,45,132,170,383,1004
-16.2,2,6,13,27,38,86,191,385,1016
-16.1,0,2,8,19,43,96,175,365,967
-16,1,7,13,13,33,113,184,414,1044
-15.9,4,4,7,13,48,94,200,412,961
-15.8,2,3,10,31,40,98,207,385,963
-15.7,1,6,16,18,37,95,196,387,988
-15.6,1,5,8,18,45,95,178,414,1005
-15.5,0,2,11,13,42,105,164,440,993
-15.4,5,5,12,18,36,94,172,412,997
-15.3,1,5,10,17,42,121,203,383,1024
-15.2,3,8,11,14,47,111,206,373,975
-15.1,0,4,16,22,36,94,158,399,954
-15,3,1,4,25,40,78,184,396,970
-14.9,3,2,12,26,43,98,192,406,1050
-14.8,1,5,11,17,39,92,203,415,963
-14.7,6,4,6,33,40,119,232,392,947
-14.6,3,7,6,12,39,104,178,406,1011
-14.5,1,7,13,17,42,89,171,435,972
-14.4,2,3,7,18,44,117,199,388,1025
-14.3,3,3,6,15,43,95,185,419,978
-14.2,5,3,11,30,47,118,197,402,1063
-14.1,0,1,9,18,35,88,193,401,970
-14,4,3,11,12,41,100,182,366,950
-13.9,2,0,11,23,49,114,175,401,1034
-13.8,4,4,10,22,35,86,190,393,999
-13.7,1,2,11,18,48,106,190,425,927
-13.6,2,2,14,29,49,104,173,389,982
-13.5,2,7,13,18,52,95,210,421,1016
-13.4,0,3,14,21,46,79,194,379,982
-13.3,3,7,8,19,40,93,194,419,980
-13.2,2,5,7,24,41,128,165,389,973
-13.1,1,2,8,21,33,118,191,382,999
-13,1,3,13,29,36,91,196,358,989
-12.9,3,6,11,23,56,110,173,407,966
-12.8,1,2,16,23,36,86,216,369,938
-12.7,3,5,12,25,35,110,172,367,955
-12.6,1,6,5,16,52,93,180,381,995
-12.5,1,4,13,21,38,101,188,383,991
-12.4,2,7,12,20,37,97,193,350,932
-12.3,4,5,11,23,45,100,173,396,972
-12.2,1,4,7,19,49,90,194,428,988
-12.1,2,4,11,21,45,98,184,376,992
-12,2,5,11,20,31,88,178,418,1007
-11.9,1,3,8,17,32,107,213,417,989
-11.8,3,4,16,14,46,120,198,394,950
-11.7,1,4,13,16,31,108,181,390,948
-11.6,2,2,16,18,45,104,191,400,934
-11.5,5,2,7,20,47,112,185,386,938
-11.4,2,3,9,20,45,99,193,391,1022
-11.3,1,10,14,10,36,84,184,389,979
-11.2,0,1,10,26,35,106,169,407,1000
-11.1,3,5,6,31,51,92,180,373,955
-11,1,6,14,29,30,113,200,383,934
-10.9,4,6,11,18,34,74,150,370,1002
-10.8,0,6,15,17,38,96,200,382,981
-10.7,1,3,13,17,44,92,184,421,955
-10.6,1,9,10,19,37,109,200,413,995
-10.5,2,5,10,16,40,109,166,418,993
-10.4,1,3,4,17,52,106,205,389,919
-10.3,2,6,8,17,38,114,169,369,977
-10.2,4,2,6,16,34,96,178,402,1010
-10.1,0,3,6,9,39,109,191,385,964
-10,2,6,11,25,30,103,182,382,964
-9.9,3,3,10,16,37,89,188,383,979
-9.8,4,3,10,15,32,98,183,366,931
-9.7,4,3,11,17,42,97,184,374,1032
-9.6,1,2,11,17,43,92,198,389,964
-9.5,0,1,6,22,43,105,180,387,902
-9.4,0,4,9,17,32,85,162,407,958
-9.3,3,4,9,23,44,92,169,390,977
-9.2,3,6,7,20,49,97,163,370,980
-9.1,1,3,15,17,31,108,178,346,939
-9,1,5,9,25,33,94,203,399,971
-8.9,3,4,9,29,42,94,198,386,1001
-8.8,1,4,17,21,34,94,167,386,934
-8.7,4,3,12,13,35,90,166,432,942
-8.6,2,3,18,18,26,96,193,400,1013
-8.5,3,3,9,12,38,128,197,383,1033
-8.4,1,10,10,11,46,105,159,389,984
-8.3,1,5,7,25,41,103,169,379,988
-8.2,3,4,12,18,33,116,199,390,994
-8.1,2,4,9,21,43,85,193,398,982
-8,4,3,11,26,41,97,178,377,985
-7.9,2,2,9,28,47,95,186,418,942
-7.8,1,3,12,20,46,98,162,378,992
-7.7,3,1,12,16,33,101,184,359,974
-7.6,0,4,8,20,43,99,169,401,977
-7.5,2,5,6,25,37,113,180,416,1009
-7.4,0,2,13,19,41,97,185,416,963
-7.3,1,4,2,25,49,101,188,372,1071
-7.2,2,5,14,17,36,113,181,410,1046
-7.1,2,2,10,13,35,106,173,423,942
-7,1,5,10,23,56,90,210,386,929
-6.9,0,5,8,21,34,108,187,403,981
-6.8,3,6,6,21,43,106,188,398,956
-6.7,2,4,9,15,38,83,177,379,983
-6.6,1,2,7,30,52,121,170,395,947
-6.5,3,4,8,17,42,109,216,376,1060
-6.4,0,4,14,13,50,110,197,392,947
-6.3,0,4,10,23,37,98,165,391,979
-6.2,1,2,9,14,43,104,184,414,961
-6.1,3,4,19,24,42,104,185,420,1006
-6,2,5,7,18,31,101,196,419,974
-5.9,2,2,13,20,51,88,196,374,1001
-5.8,1,6,17,39,46,94,177,401,1018
-5.7,1,4,11,16,45,105,186,407,940
-5.6,3,5,16,26,37,97,181,376,971
-5.5,0,5,13,25,36,99,157,406,994
-5.4,3,3,12,21,51,120,185,417,1013
-5.3,3,2,11,25,47,94,170,379,979
-5.2,2,8,16,14,39,107,174,349,1024
-5.1,4,4,5,23,41,103,169,429,955
-5,0,4,10,14,36,106,182,405,954
-4.9,1,6,15,18,43,101,181,399,964
-4.8,1,2,7,22,33,111,174,401,962
-4.7,1,2,12,27,38,87,189,361,968
-4.6,4,1,9,24,37,94,171,370,932
-4.5,1,10,8,23,49,91,183,354,956
-4.4,1,2,9,14,49,96,184,396,982
-4.3,1,4,6,19,45,105,172,411,979
-4.2,3,2,6,24,44,92,181,443,984
-4.1,3,9,9,18,36,116,207,395,942
-4,0,4,14,28,47,96,185,386,991
-3.9,0,5,13,24,42,108,175,410,956
-3.8,4,0,17,19,51,110,163,399,992
-3.7,3,1,5,22,41,99,205,413,935
-3.6,2,3,10,26,44,90,192,418,927
-3.5,0,7,9,12,48,88,174,346,977
-3.4,2,4,8,29,46,113,174,409,941
-3.3,2,1,5,19,39,95,196,402,997
-3.2,1,3,9,21,38,88,166,421,977
-3.1,1,2,8,19,29,100,202,446,1043
-3,1,8,4,22,34,109,146,413,984
-2.9,2,3,12,23,37,96,196,433,1016
-2.8,4,2,10,20,41,109,184,390,1057
-2.7,0,2,10,19,31,102,200,389,1039
-2.6,0,5,5,20,36,103,171,393,998
-2.5,4,3,11,21,44,89,187,386,956
-2.4,0,8,3,27,36,95,187,418,938
-2.3,5,3,13,27,36,113,204,381,1047
-2.2,1,4,12,25,49,92,180,381,978
-2.1,1,1,12,19,46,103,207,401,1005
-2,2,5,11,20,35,95,188,426,1040
-1.9,0,3,16,20,37,97,208,422,1000
-1.8,2,6,16,14,42,108,191,463,926
-1.7,3,5,10,16,43,86,206,400,986
-1.6,1,3,10,17,38,133,188,390,963
-1.5,2,5,14,24,42,84,181,387,1008
-1.4,1,5,7,23,43,112,205,410,1023
-1.3,3,6,12,20,39,131,188,396,1007
-1.2,0,2,10,20,41,109,170,393,1036
-1.1,3,4,14,23,41,119,204,420,1031
-1,3,1,4,19,50,97,207,393,1010
-0.9,1,6,12,17,58,114,198,434,1038
-0.8,3,6,5,21,44,100,201,414,1072
-0.7,2,5,9,11,42,103,162,433,1003
-0.6,0,5,10,26,43,102,199,362,963
-0.5,2,4,10,10,44,83,172,400,970
-0.4,1,3,12,21,35,92,189,406,1047
-0.3,1,6,5,21,35,111,196,415,978
-0.2,1,4,13,27,45,102,214,391,1023
-0.1,2,8,10,27,57,121,184,412,1017
0,3,6,7,16,36,120,223,406,1042
0.1,3,7,9,25,32,108,212,433,988
0.2,2,2,11,17,44,95,201,395,1009
0.3,0,1,11,21,39,85,211,412,1083
0.4,2,1,8,17,40,109,207,382,1044
0.5,6,5,6,25,38,113,197,401,1040
0.6,1,4,9,19,44,98,208,412,1076
0.7,0,5,9,20,55,91,208,422,1050
0.8,1,3,12,14,43,115,181,401,991
0.9,5,5,10,22,36,117,181,430,984
1,2,3,8,18,44,104,204,405,1029
1.1,3,5,10,20,39,104,207,401,1005
1.2,2,3,17,27,44,105,213,368,1016
1.3,2,3,10,18,47,96,194,443,1057
1.4,0,5,11,25,48,113,201,406,1001
1.5,2,5,6,19,54,113,183,410,1015
1.6,4,2,13,19,40,101,191,389,1022
1.7,1,3,14,20,49,112,191,399,1014
1.8,5,5,17,13,46,112,210,424,1028
1.9,2,3,11,16,39,105,186,382,1042
2,1,3,6,15,51,107,215,402,1065
2.1,5,4,7,27,42,108,175,386,1044
2.2,0,6,7,31,35,110,205,421,1020
2.3,5,3,12,14,38,87,190,420,990
2.4,4,6,17,25,32,84,173,416,1015
2.5,5,5,14,18,41,95,182,396,1021
2.6,6,5,14,20,39,113,183,399,1019
2.7,1,6,14,26,40,111,187,409,925
2.8,5,4,9,20,42,112,181,400,1026
2.9,2,4,9,29,36,111,198,406,918
3,1,3,12,22,30,94,194,414,986
3.1,4,6,9,23,44,111,184,426,957
3.2,1,1,9,24,50,102,155,397,955
3.3,2,2,12,12,33,92,183,437,1002
3.4,4,6,15,25,45,76,162,374,953
3.5,1,4,2,13,57,110,188,397,969
3.6,1,2,10,26,37,110,203,397,981
3.7,2,3,7,24,38,103,191,428,940
3.8,2,5,13,15,51,102,199,400,1010
3.9,2,4,10,18,39,88,198,405,994
4,1,9,8,25,41,101,184,397,938
4.1,2,11,17,26,42,118,182,394,1010
4.2,1,4,6,22,40,94,190,409,984
4.3,0,4,11,22,41,103,217,409,922
4.4,2,6,12,18,38,88,207,415,998
4.5,2,4,14,28,30,94,172,355,982
4.6,3,3,14,15,43,102,187,403,974
4.7,1,4,9,15,42,117,195,375,982
4.8,2,8,15,12,41,101,180,389,973
4.9,0,4,6,19,41,111,193,394,927
5,2,7,15,21,40,102,180,356,966
5.1,4,3,14,25,47,100,198,356,969
5.2,1,4,15,18,43,113,203,400,965
5.3,0,5,11,20,47,112,160,375,1014
5.4,0,2,10,28,33,103,180,374,985
5.5,3,5,11,18,45,99,192,359,981
5.6,2,2,12,20,34,100,199,384,979
5.7,1,5,10,15,35,97,190,417,1016
5.8,1,3,8,18,48,94,198,421,972
5.9,4,4,6,10,41,91,183,396,972
6,2,6,17,30,40,101,161,391,998
6.1,3,5,8,19,42,105,184,403,958
6.2,2,4,14,15,33,102,187,385,969
6.3,2,5,9,16,41,109,180,390,984
6.4,2,5,11,23,43,119,202,379,936
6.5,5,5,8,17,40,77,191,413,1027
6.6,1,2,10,19,38,93,180,338,1015
6.7,0,4,9,19,45,117,175,396,953
6.8,4,1,15,18,48,102,180,393,955
6.9,2,4,9,21,38,104,202,397,1017
7,6,5,7,25,36,104,196,396,985
7.1,1,3,8,12,42,97,170,416,961
7.2,1,1,8,15,43,102,183,401,1015
7.3,3,7,9,19,51,110,204,428,978
7.4,2,6,7,25,41,92,203,366,960
7.5,1,2,11,26,55,106,194,392,981
7.6,1,2,13,17,42,100,187,374,960
7.7,3,3,11,21,48,96,193,392,1022
7.8,3,5,11,15,32,97,191,421,994
7.9,2,3,12,15,44,92,202,408,982
8,1,3,12,21,28,114,165,373,987
8.1,1,1,6,19,52,72,192,418,1015
8.2,2,2,7,26,48,132,205,399,974
8.3,2,5,7,14,42,107,177,406,1006
8.4,1,6,13,21,45,107,211,370,1014
8.5,2,1,11,17,43,110,195,394,985
8.6,3,6,13,26,52,100,199,373,1003
8.7,1,2,11,21,42,101,200,391,1003
8.8,1,3,8,23,27,86,178,387,987
8.9,3,5,8,17,29,89,175,393,997
9,5,3,6,11,37,99,194,405,1036
9.1,1,2,12,18,48,103,188,398,983
9.2,2,1,8,19,37,97,198,407,1015
9.3,2,3,10,26,34,117,193,428,1023
9.4,3,2,11,13,44,95,166,409,1000
9.5,3,6,11,25,26,116,173,408,997
9.6,1,6,9,18,40,115,168,394,938
9.7,2,2,9,16,36,95,170,393,940
9.8,1,3,8,17,36,100,163,346,968
9.9,0,2,7,16,34,104,192,377,964
10,2,2,13,15,38,106,190,389,986
10.1,0,4,11,20,49,84,161,330,936
10.2,4,6,9,20,35,120,190,402,985
10.3,3,2,15,19,41,101,191,399,1025
10.4,4,0,13,20,51,84,182,379,1033
10.5,1,5,15,27,40,106,180,402,979
10.6,2,5,13,23,39,127,192,363,952
10.7,4,2,11,9,32,91,181,401,906
10.8,6,10,16,24,44,102,185,425,999
10.9,4,2,11,23,36,102,182,419,969
11,0,3,7,24,44,112,190,391,1020
11.1,4,8,12,19,43,94,188,387,988
11.2,3,3,13,21,57,94,170,400,980
11.3,2,3,10,23,46,94,178,446,943
11.4,5,4,9,19,38,105,205,411,981
11.5,4,3,10,24,44,111,202,415,940
11.6,4,3,12,20,45,105,171,416,971
11.7,1,2,8,20,41,105,189,388,991
11.8,3,6,7,23,46,106,192,389,965
11.9,1,3,7,19,37,97,190,402,938
12,3,2,13,22,40,122,139,390,964
12.1,1,3,7,25,51,122,163,403,969
12.2,0,3,11,23,38,105,203,391,989
12.3,1,3,5,22,30,90,180,407,947
12.4,2,2,8,23,50,107,186,411,979
12.5,4,5,5,19,49,96,183,381,971
12.6,1,2,9,20,39,107,190,380,976
12.7,3,8,10,16,49,94,180,397,931
12.8,1,3,6,22,38,94,173,403,1014
12.9,3,5,12,24,44,102,151,429,933
13,2,8,7,16,49,103,187,363,967
13.1,3,4,13,19,49,108,183,374,940
13.2,2,5,17,21,47,103,186,374,951
13.3,3,4,8,21,43,94,213,395,958
13.4,0,7,9,13,39,97,201,346,1009
13.5,1,5,3,14,49,112,182,388,987
13.6,3,6,6,18,38,83,172,410,989
13.7,4,4,5,24,48,92,228,396,948
13.8,2,6,12,27,36,119,201,403,951
13.9,2,6,9,21,32,111,189,394,1008
14,1,2,14,10,44,93,201,400,976
14.1,1,3,11,21,49,101,175,389,971
14.2,0,3,10,19,42,101,192,406,1026
14.3,3,4,6,17,27,108,199,387,957
14.4,2,6,7,27,43,95,174,421,910
14.5,2,10,5,21,37,111,173,352,1014
14.6,7,0,12,21,35,96,180,399,989
14.7,3,8,15,18,36,118,214,387,950
14.8,2,3,7,23,42,109,191,363,919
14.9,1,5,11,17,34,97,172,371,935
15,1,7,5,23,33,98,178,417,951
15.1,6,6,10,16,30,93,181,376,967
15.2,3,9,10,21,40,110,183,356,882
15.3,1,4,17,21,38,113,174,358,898
15.4,3,0,12,28,37,104,183,369,926
15.5,2,3,15,16,42,93,187,381,909
15.6,3,4,10,19,48,94,161,366,909
15.7,1,4,11,18,33,99,167,376,942
15.8,0,1,11,20,44,102,165,370,858
15.9,1,3,14,18,31,91,188,363,940
16,1,3,8,26,43,88,164,357,885
16.1,0,3,11,22,35,88,181,334,903
16.2,1,2,9,24,38,96,146,349,857
16.3,3,2,5,24,36,103,164,366,837
16.4,0,5,8,18,37,89,167,332,867
16.5,0,2,13,22,37,93,163,331,874
16.6,1,4,7,23,33,94,174,346,836
16.7,3,4,9,22,31,86,174,338,833
16.8,3,4,9,16,25,80,148,349,799
16.9,0,2,10,16,30,92,162,318,810
17,3,1,6,26,33,87,149,331,803
17.1,1,3,6,8,31,69,163,303,811
17.2,3,1,10,12,36,102,137,321,718
17.3,1,3,9,11,47,74,150,300,762
17.4,1,1,8,16,36,76,134,264,648
17.5,1,3,5,15,30,83,140,306,685
17.6,1,1,8,7,27,64,119,270,702
17.7,0,0,7,16,30,83,126,272,661
17.8,2,7,8,14,25,65,114,258,592
17.9,1,3,7,11,23,61,104,226,607
18,1,2,7,16,27,47,130,218,607
18.1,1,3,8,13,23,73,131,226,610
18.2,2,0,6,12,37,60,110,269,610
18.3,2,6,8,17,22,57,129,236,596
18.4,3,1,9,5,18,71,122,280,620
18.5,1,3,9,12,21,81,118,268,627
18.6,1,0,9,10,33,84,127,260,666
18.7,0,6,8,17,23,65,124,246,675
18.8,2,3,14,15,28,67,130,302,694
18.9,3,4,9,18,30,81,152,306,714
19,2,2,11,20,37,62,150,332,788
19.1,3,2,16,15,42,76,144,299,728
19.2,1,2,8,17,38,70,157,287,723
19.3,0,5,8,16,37,86,142,293,833
19.4,1,4,5,18,29,80,155,321,810
19.5,2,0,7,15,23,87,152,323,869
19.6,0,4,9,17,33,73,156,346,817
19.7,1,4,9,22,35,83,157,337,822
19.8,3,4,17,20,34,90,162,352,830
19.9,0,6,7,14,33,78,188,381,840
20,2,7,13,21,41,92,153,353,908
20.1,3,10,8,21,30,91,148,310,857
20.2,1,2,10,14,37,90,169,361,838
20.3,3,3,10,22,55,86,178,376,871
20.4,2,5,11,22,37,89,168,360,910
20.5,1,2,12,23,38,94,162,344,916
20.6,1,4,12,23,31,87,147,365,921
20.7,0,3,8,22,45,99,182,331,972
20.8,1,4,13,13,36,103,160,338,932
20.9,1,5,10,23,45,84,174,365,897
21,1,1,11,11,25,94,184,388,971
21.1,0,6,13,17,39,85,207,362,909
21.2,1,5,6,20,44,104,196,371,937
21.3,2,4,13,11,30,104,164,391,913
21.4,3,6,11,21,38,100,182,388,911
21.5,3,2,15,21,31,105,175,409,933
21.6,1,1,12,18,50,104,181,387,951
21.7,1,3,7,20,27,78,192,407,920
21.8,2,2,16,19,39,93,190,370,968
21.9,0,1,10,21,42,101,189,369,956
22,4,3,12,21,49,92,183,405,938
22.1,1,4,10,19,36,96,173,391,934
22.2,3,2,10,13,44,102,185,359,974
22.3,3,1,6,19,37,92,197,381,933
22.4,3,2,15,23,39,93,202,389,972
22.5,0,6,8,16,36,102,191,355,989
22.6,2,4,8,23,44,105,171,364,1008
22.7,1,8,5,13,44,98,177,389,948
22.8,1,3,9,19,35,90,222,385,970
22.9,1,7,5,22,34,97,188,366,956
23,2,1,7,16,37,101,199,382,1022
23.1,3,2,10,17,35,106,179,415,1055
23.2,3,8,13,22,43,99,193,404,988
23.3,5,4,7,25,44,92,186,431,982
23.4,0,2,10,24,33,94,185,382,1012
23.5,1,1,8,20,47,102,179,385,977
23.6,1,6,8,12,35,111,209,411,983
23.7,2,2,10,23,44,105,187,405,1006
23.8,6,4,12,25,49,107,200,400,978
23.9,0,3,6,18,28,120,187,384,989
24,1,5,10,12,31,89,188,402,967
24.1,2,3,14,22,41,115,183,397,933
24.2,3,3,10,22,53,74,194,341,1006
24.3,1,5,6,19,40,104,179,399,959
24.4,1,3,5,17,44,100,182,377,983
24.5,1,2,12,15,40,105,190,418,1063
24.6,1,3,17,20,41,92,183,402,974
24.7,3,5,6,22,38,97,187,395,1013
24.8,1,5,15,18,39,84,167,389,967
24.9,3,4,13,27,37,105,181,402,990
25,1,3,13,26,44,109,204,360,1028
25.1,3,3,11,19,38,95,196,416,1030
25.2,2,7,11,20,32,112,191,400,975
25.3,2,5,14,20,52,109,181,371,1032
25.4,2,5,19,23,40,100,172,384,1043
25.5,3,5,8,26,46,114,184,382,998
25.6,3,4,13,18,33,114,187,419,1005
25.7,2,6,8,20,37,98,171,386,962
25.8,1,7,16,21,44,92,186,374,1020
25.9,3,6,7,15,40,100,198,383,982
26,2,1,8,20,42,108,191,378,1009
26.1,1,4,12,17,40,104,189,391,988
26.2,3,6,8,21,44,100,204,372,975
26.3,0,3,11,17,44,113,215,397,1001
26.4,2,5,5,20,39,111,184,414,1003
26.5,2,4,12,23,49,102,196,412,1025
26.6,0,3,12,19,43,93,217,410,1041
26.7,2,5,11,24,41,88,176,393,1032
26.8,4,8,11,18,46,92,192,438,1016
26.9,3,6,15,24,56,100,198,399,1003
27,0,3,14,26,40,110,213,377,983
27.1,0,6,9,24,35,101,188,391,1037
27.2,3,7,14,19,43,97,170,439,999
27.3,1,2,15,14,35,87,195,401,1016
27.4,1,3,14,16,51,125,188,390,986
27.5,4,1,8,27,41,104,205,411,1000
27.6,2,6,14,15,40,107,192,391,1015
27.7,0,3,14,22,44,98,197,416,1009
27.8,2,0,12,27,47,103,175,419,982
27.9,1,4,8,17,43,120,172,390,988
28,3,9,5,13,57,102,190,415,1019
28.1,1,3,15,19,26,98,166,394,983
28.2,1,5,9,21,38,112,215,364,979
28.3,3,8,11,21,38,123,178,358,1041
28.4,4,4,12,16,41,97,207,387,1009
28.5,4,6,11,18,54,115,177,384,961
28.6,3,2,11,31,39,105,196,408,1008
28.7,3,3,6,25,32,100,175,437,1044
28.8,1,4,7,16,38,114,187,374,1014
28.9,1,7,14,15,44,110,175,414,1027
29,3,1,8,17,36,121,183,411,968
29.1,1,5,15,15,34,97,179,457,978
29.2,1,4,8,14,41,93,182,408,1015
29.3,1,3,14,21,49,119,197,396,1048
29.4,1,4,10,22,36,114,184,433,1051
29.5,2,2,9,24,37,113,177,378,979
29.6,7,2,11,15,31,106,189,395,971
29.7,4,4,13,18,52,121,168,417,1021
29.8,1,1,8,23,37,106,200,442,1010
29.9,2,5,17,19,35,90,202,409,1028
30,5,8,7,17,47,109,190,363,988
30.1,0,1,3,19,45,93,203,396,1009
30.2,3,6,8,10,34,94,178,420,990
30.3,5,3,10,23,49,111,174,392,970
30.4,2,5,4,28,53,85,173,391,1054
30.5,3,6,14,17,40,104,213,403,1069
30.6,4,5,15,26,49,102,201,401,1021
30.7,1,9,11,20,33,95,195,398,983
30.8,3,6,6,19,38,84,192,403,947
30.9,2,4,5,24,31,128,163,408,943
31,0,2,9,15,38,102,192,416,1037
31.1,2,8,5,17,37,94,202,420,974
31.2,3,5,8,30,50,108,188,409,954
31.3,1,3,9,20,54,111,176,397,1003
31.4,1,7,12,14,43,91,172,344,1000
31.5,3,6,13,14,29,112,162,393,973
31.6,2,7,14,20,41,104,185,390,979
31.7,2,6,12,29,43,93,174,414,980
31.8,1,6,11,20,41,93,186,397,1028
31.9,2,2,7,17,44,95,208,411,1037
32,0,3,12,25,40,106,187,429,1107
32.1,5,6,12,15,35,118,168,389,1026
32.2,1,5,11,21,38,90,176,422,995
32.3,1,7,5,20,42,94,208,459,987
32.4,1,4,14,19,28,91,198,436,1024
32.5,1,8,5,18,33,91,184,378,1033
32.6,2,2,9,19,48,93,158,411,998
32.7,0,3,12,17,42,106,183,381,1023
32.8,2,2,5,16,43,110,218,396,1053
32.9,3,3,10,16,44,94,188,384,976
33,4,5,5,23,43,83,199,389,965
33.1,2,3,11,22,51,109,207,447,1038
33.2,0,4,17,19,37,97,201,382,1007
33.3,0,4,20,24,42,95,225,390,982
33.4,3,7,8,18,50,98,175,425,1010
33.5,1,5,4,13,37,101,179,392,1027
33.6,3,5,12,26,34,103,180,402,1033
33.7,4,2,5,24,48,92,195,402,1031
33.8,1,2,13,17,45,78,204,417,1030
33.9,0,2,12,17,38,106,190,413,988
34,2,3,9,27,50,109,192,422,1046
34.1,2,6,7,27,44,114,183,429,1054
34.2,2,8,9,21,46,114,185,374,990
34.3,1,3,11,12,34,95,175,399,1022
34.4,1,5,6,14,34,83,198,396,1005
34.5,5,6,8,27,32,96,186,394,969
34.6,2,4,4,29,43,86,175,376,1011
34.7,2,3,8,17,41,108,184,396,969
34.8,2,2,10,18,38,118,200,404,980
34.9,4,3,10,21,39,91,175,394,1004
35,2,0,11,14,38,110,176,399,997
35.1,2,5,11,19,33,122,189,403,965
35.2,0,2,14,21,46,91,184,406,1014
35.3,5,5,14,24,42,103,184,430,1032
35.4,4,2,12,10,40,117,205,379,973
35.5,2,3,14,14,37,109,173,436,1006
35.6,0,3,11,23,41,120,177,402,1051
35.7,1,4,7,26,43,107,182,382,925
35.8,4,3,12,20,55,96,156,428,1016
35.9,5,3,8,16,35,99,185,407,992
36,2,2,8,23,43,94,211,406,1008
36.1,3,5,10,17,41,114,160,423,1008
36.2,0,6,7,19,29,112,193,408,1010
36.3,1,5,10,15,48,108,197,362,1003
36.4,1,1,13,18,50,98,183,379,1023
36.5,4,0,12,15,37,108,178,408,1016
36.6,1,3,10,21,39,111,189,384,984
36.7,4,3,14,22,37,84,181,395,975
36.8,1,2,8,17,37,97,208,424,986
36.9,3,1,14,21,42,88,179,406,1014
37,0,8,11,28,32,101,195,399,982
37.1,3,6,15,23,26,104,208,408,1009
37.2,4,6,13,16,35,95,181,406,1011
37.3,0,4,10,19,31,97,202,373,985
37.4,2,3,8,18,38,88,203,406,952
37.5,4,1,8,28,51,99,196,422,1019
37.6,1,6,10,19,62,103,193,419,1003
37.7,0,4,11,15,28,94,178,403,990
37.8,4,3,12,17,35,103,196,384,1030
37.9,0,3,15,27,43,118,202,393,936
38,2,1,15,18,49,85,178,410,938
38.1,5,3,6,20,40,107,200,443,1041
38.2,3,5,11,18,33,74,172,418,971
38.3,0,6,13,14,35,106,202,419,949
38.4,1,7,7,25,54,109,178,419,983
38.5,2,2,11,17,38,111,194,425,1031
38.6,1,6,12,19,40,95,207,407,980
38.7,1,6,7,31,39,100,166,402,965
38.8,5,5,14,14,35,83,184,390,976
38.9,4,6,10,22,37,98,177,390,991
39,2,3,7,21,46,98,196,376,983
39.1,0,4,12,29,43,104,178,436,1031
39.2,4,4,7,21,41,127,194,397,1030
39.3,3,3,8,14,48,99,184,412,992
39.4,0,6,8,21,45,89,176,390,998
39.5,4,0,8,20,36,102,166,423,970
39.6,4,4,11,33,39,107,188,404,984
39.7,2,3,6,20,48,109,174,390,902
39.8,0,5,9,19,40,99,198,390,960
39.9,6,2,15,21,48,91,214,402,920
40,3,2,16,26,47,99,171,412,995
40.1,2,4,7,19,41,102,201,393,951
40.2,3,1,14,29,38,108,177,418,1035
40.3,2,9,10,21,48,95,184,376,1000
40.4,1,5,16,24,50,118,175,383,969
40.5,3,3,10,17,36,131,198,409,998
40.6,3,5,20,15,43,100,182,389,1022
40.7,2,5,10,18,50,123,183,407,1002
40.8,1,2,16,16,40,100,196,378,1026
40.9,2,5,6,25,40,112,178,367,987
41,0,6,11,24,41,91,211,383,1024
41.1,4,4,15,26,33,100,184,419,972
41.2,0,6,12,18,33,106,186,421,961
41.3,3,3,11,21,41,116,176,388,994
41.4,1,5,9,19,47,82,208,401,980
41.5,2,4,12,23,49,94,174,417,1026
41.6,0,2,12,25,33,96,191,396,1038
41.7,2,5,7,17,37,113,184,404,986
41.8,3,1,6,24,40,92,189,400,991
41.9,5,5,9,22,42,110,185,427,1016
42,1,2,7,18,39,116,175,420,1014
42.1,3,1,8,23,37,82,173,391,999
42.2,2,3,7,13,45,95,183,400,940
42.3,1,4,9,21,39,96,200,407,1018
42.4,2,1,11,24,34,127,187,411,1049
42.5,0,5,14,22,35,104,186,391,1006
42.6,4,2,11,32,40,104,184,391,1020
42.7,1,8,10,19,37,114,213,410,969
42.8,1,5,7,17,36,101,212,382,1000
42.9,1,5,13,20,36,87,183,413,1045
43,1,4,13,21,37,125,183,425,969
43.1,0,2,11,28,52,100,205,415,992
43.2,0,5,13,20,49,105,196,412,954
43.3,2,3,11,18,36,100,178,395,993
43.4,3,4,10,26,28,80,176,417,950
43.5,1,7,8,26,38,103,185,385,975
43.6,3,4,9,31,37,91,203,374,952
43.7,5,7,15,24,40,87,168,418,991
43.8,1,7,12,24,46,108,201,420,1010
43.9,4,4,8,16,25,103,180,392,1002
44,4,7,13,26,51,99,208,378,1017
44.1,2,4,7,29,40,91,190,415,984
44.2,2,5,6,17,46,89,174,400,998
44.3,1,2,12,20,39,98,205,399,958
44.4,3,1,13,20,38,101,178,424,993
44.5,1,8,8,25,42,106,212,433,1062
44.6,3,1,16,26,47,94,213,420,1072
44.7,3,2,9,15,42,96,203,436,970
44.8,2,3,12,25,52,101,188,411,1018
44.9,1,3,11,23,37,109,163,418,1020
45,1,2,5,29,49,88,221,380,986
45.1,0,6,12,20,45,107,184,384,995
45.2,0,5,13,19,37,86,194,368,948
45.3,0,3,11,16,40,93,184,400,990
45.4,1,2,8,13,32,99,210,390,1008
45.5,3,7,10,30,42,109,169,393,929
45.6,1,7,7,21,40,113,169,399,962
45.7,4,4,9,17,47,96,189,420,1018
45.8,3,3,15,22,43,115,221,399,1011
45.9,0,3,8,19,37,95,213,367,980
46,3,3,15,23,40,81,181,439,966
46.1,0,3,10,22,33,123,202,399,1028
46.2,1,5,8,16,30,116,193,360,958
46.3,3,7,8,15,37,98,196,412,940
46.4,1,6,12,26,40,108,194,407,1030
46.5,1,4,9,22,44,95,189,376,973
46.6,3,0,13,24,37,96,172,402,995
46.7,1,9,6,21,40,92,165,433,980
46.8,1,5,6,20,60,94,179,358,1001
46.9,3,2,6,28,41,98,183,386,969
47,5,1,12,22,43,103,187,373,983
47.1,0,2,9,20,34,114,179,378,1031
47.2,4,7,10,19,35,87,188,432,1007
47.3,3,6,14,24,37,85,164,401,968
47.4,2,5,11,20,46,95,158,376,970
47.5,3,4,15,17,43,120,176,408,1003
47.6,1,6,10,12,39,107,190,399,963
47.7,2,3,8,18,38,91,178,448,949
47.8,0,7,6,25,50,105,190,388,1031
47.9,3,2,14,21,29,116,196,376,1008
48,1,4,11,20,30,93,176,388,974
48.1,0,2,5,22,36,119,192,386,954
48.2,0,3,9,28,36,102,214,407,1005
48.3,4,1,11,16,49,90,182,386,957
48.4,5,2,9,28,38,106,186,424,982
48.5,3,5,13,20,46,111,196,411,958
48.6,3,4,10,19,45,104,177,413,959
48.7,2,4,10,25,28,108,195,391,958
48.8,1,7,11,18,42,95,178,394,954
48.9,5,4,6,25,34,102,137,389,965
49,3,2,9,24,34,99,183,389,1025
49.1,1,6,8,22,52,103,174,411,946
49.2,3,10,4,20,34,106,188,373,1018
49.3,3,9,13,20,42,113,173,398,990
49.4,4,6,9,26,46,87,184,390,981
49.5,1,8,9,21,38,121,200,401,1019
49.6,2,2,14,22,40,103,170,413,982
49.7,3,6,10,13,39,99,181,435,917
49.8,2,1,8,19,37,96,179,381,949
49.9,0,7,4,23,39,110,181,391,987
50,1,4,11,17,35,130,202,394,924
50.1,1,3,8,28,25,85,180,384,981
50.2,1,4,13,15,38,90,184,400,961
50.3,0,4,8,23,33,96,192,407,955
50.4,4,3,9,14,46,87,183,377,934
50.5,0,4,10,19,41,98,181,354,970
50.6,2,3,8,19,48,97,184,361,981
50.7,3,2,9,20,54,105,152,406,998
50.8,5,1,14,9,41,109,173,390,940
50.9,2,6,17,23,43,90,166,379,977
51,3,2,6,26,31,116,192,383,993
51.1,3,4,5,29,31,113,158,407,937
51.2,4,3,7,24,38,83,157,423,1041
51.3,1,5,14,26,38,93,207,380,956
51.4,1,4,8,16,41,100,172,397,920
51.5,0,5,12,16,35,92,208,400,1002
51.6,0,3,11,17,36,111,182,360,983
51.7,1,4,6,24,44,114,177,412,1010
51.8,2,6,18,22,49,104,195,406,938
51.9,0,8,8,14,42,102,212,406,1000
52,7,2,13,25,38,103,182,399,961
52.1,1,5,6,26,37,90,185,344,1013
52.2,2,3,11,13,42,96,181,422,965
52.3,0,4,7,17,39,108,169,410,1022
52.4,1,9,14,17,34,102,180,427,993
52.5,1,4,13,15,52,118,168,411,969
52.6,3,3,13,23,37,108,187,374,988
52.7,1,4,7,19,38,91,192,410,971
52.8,2,3,8,22,29,101,196,414,995
52.9,3,5,6,24,34,105,203,433,1056
53,3,3,4,11,25,97,190,429,993
53.1,3,3,10,20,35,87,203,407,1030
53.2,2,1,17,28,48,93,182,397,980
53.3,1,3,9,17,42,88,177,409,976
53.4,1,4,19,21,42,107,175,404,932
53.5,2,3,10,15,47,94,184,381,970
53.6,3,4,12,29,39,94,160,378,942
53.7,2,5,12,22,46,113,170,418,997
53.8,2,3,15,26,47,95,188,429,974
53.9,0,6,12,21,37,98,182,411,949
54,0,4,7,21,43,92,184,363,1047
54.1,2,2,6,15,33,89,181,388,962
54.2,3,6,3,17,42,98,173,412,979
54.3,2,6,10,22,34,90,180,403,952
54.4,3,5,12,20,39,83,185,413,964
54.5,3,7,9,18,36,95,180,420,979
54.6,2,3,8,16,39,90,194,381,950
54.7,0,4,9,20,45,92,177,381,933
54.8,3,2,10,21,35,92,175,418,991
54.9,1,1,8,15,50,108,170,411,976
55,2,1,7,20,44,86,183,391,969
55.1,2,6,17,21,42,95,201,348,1001
55.2,2,3,8,20,38,95,173,399,967
55.3,3,2,6,22,31,109,190,407,938
55.4,4,5,13,24,38,120,159,383,1016
55.5,3,3,7,19,53,101,209,376,985
55.6,2,5,14,22,47,96,178,412,984
55.7,2,5,6,24,39,90,174,397,1001
55.8,1,5,10,27,41,98,179,388,903
55.9,2,4,14,24,40,97,181,392,999
56,1,4,13,20,51,109,182,392,989
56.1,1,4,10,20,47,99,178,391,981
56.2,5,1,14,19,41,88,183,408,933
56.3,1,4,9,20,35,85,175,360,958
56.4,2,5,12,21,35,94,171,365,937
56.5,1,4,10,23,42,88,196,428,926
56.6,2,0,13,24,33,94,188,353,932
56.7,2,3,7,17,38,109,200,404,991
56.8,1,4,15,24,53,96,170,405,962
56.9,0,6,14,25,52,113,224,399,944
57,2,5,12,20,37,104,165,410,988
57.1,0,3,11,18,45,93,172,398,989
57.2,2,1,12,17,33,106,173,413,1017
57.3,1,2,12,22,31,116,202,377,977
57.4,2,7,8,16,34,84,186,439,908
57.5,1,5,9,15,40,104,194,340,900
57.6,1,6,5,25,47,79,178,390,982
57.7,3,3,11,29,45,91,191,365,1016
57.8,2,3,8,18,39,112,166,404,921
57.9,4,4,8,17,48,81,187,381,1028
58,1,4,11,21,44,104,196,447,983
58.1,4,3,9,15,30,120,192,365,972
58.2,0,2,14,19,58,93,174,392,977
58.3,5,4,11,27,48,102,175,389,977
58.4,3,3,11,20,38,118,192,416,983
58.5,2,7,15,17,46,97,181,384,1023
58.6,0,7,4,13,37,126,184,388,943
58.7,1,3,8,25,38,123,165,370,962
58.8,5,4,12,24,36,94,188,391,987
58.9,2,4,6,12,41,78,177,381,920
59,3,0,9,26,45,98,198,335,981
59.1,1,3,10,16,28,91,176,398,971
59.2,0,2,9,26,41,108,191,393,1006
59.3,1,7,10,30,42,89,180,420,896
59.4,2,3,10,17,54,111,178,377,1001
59.5,0,8,11,24,38,91,186,382,1000
59.6,0,3,5,26,40,116,192,392,1014
59.7,1,2,10,23,41,94,170,370,963
59.8,3,1,9,21,29,90,180,391,1004
59.9,1,6,12,12,44,94,174,383,939
60,2,4,10,23,48,105,191,357,955
60.1,2,3,4,22,41,107,198,398,987
60.2,2,7,13,26,50,88,189,385,993
60.3,0,1,4,18,35,108,180,405,935
60.4,2,10,10,19,36,99,172,371,934
60.5,0,7,10,20,47,110,185,408,878
60.6,1,6,5,13,37,105,193,362,975
60.7,2,3,5,12,32,110,193,407,995
60.8,0,3,9,20,38,106,195,349,931
60.9,1,3,12,24,43,84,165,400,1006
61,2,4,7,20,40,88,171,401,958
61.1,2,3,14,21,44,94,179,407,987
61.2,0,8,9,15,38,106,172,383,932
61.3,0,4,11,19,55,99,185,376,991
61.4,3,5,4,20,41,99,169,379,969
61.5,3,5,11,11,47,125,195,371,932
61.6,1,4,6,14,39,83,169,390,971
61.7,1,4,10,21,43,112,178,365,959
61.8,6,1,12,26,39,90,197,409,1019
61.9,1,2,13,23,50,91,193,357,949
62,4,6,7,18,52,84,177,409,974
62.1,2,4,7,18,41,99,176,419,1028
62.2,2,3,9,15,34,96,205,373,985
62.3,1,6,7,20,54,99,182,386,990
62.4,0,6,17,22,40,110,182,410,998
62.5,3,4,9,17,48,97,178,388,1001
62.6,3,4,8,19,45,114,168,366,940
62.7,1,2,9,23,31,88,198,406,953
62.8,6,2,13,14,36,92,197,407,1004
62.9,2,5,8,21,53,103,206,409,962
63,2,3,9,30,44,100,181,380,997
63.1,0,3,5,16,41,98,202,372,1008
63.2,4,3,10,23,48,105,189,383,990
63.3,2,3,10,24,55,113,203,390,962
63.4,2,1,9,13,39,102,209,417,1038
63.5,1,4,9,21,44,120,179,406,912
63.6,4,3,13,18,52,98,154,419,1010
63.7,4,3,8,23,47,95,177,399,995
63.8,2,4,12,20,46,95,183,428,985
63.9,2,1,9,15,48,84,201,413,1023
64,4,0,14,21,44,107,174,385,946
64.1,5,6,19,20,44,95,180,363,955
64.2,2,0,9,24,36,94,188,402,967
64.3,2,3,11,21,44,113,188,371,1010
64.4,3,2,11,19,49,115,183,382,956
64.5,3,4,6,22,49,87,176,414,1020
64.6,5,3,12,25,33,99,197,422,1009
64.7,3,2,21,25,53,107,208,391,998
64.8,0,1,12,15,41,105,198,422,993
64.9,2,2,8,15,60,112,188,378,1023
65,3,5,8,26,35,85,190,436,986
65.1,5,7,7,16,29,94,189,408,994
65.2,2,2,6,24,35,90,169,379,946
65.3,1,4,9,18,47,97,181,371,977
65.4,4,1,10,20,47,77,203,411,1035
65.5,1,4,11,12,44,112,201,390,975
65.6,1,5,8,18,34,94,186,363,969
65.7,1,7,14,22,52,110,200,405,965
65.8,4,6,16,14,38,120,191,413,1042
65.9,4,3,10,18,38,101,183,405,952
66,4,8,12,15,44,109,199,370,1013
66.1,2,4,6,22,40,108,165,363,1001
66.2,2,1,10,24,47,104,216,415,1001
66.3,3,4,12,22,33,101,173,414,991
66.4,2,3,10,12,47,102,215,415,994
66.5,6,5,15,19,39,93,193,374,1018
66.6,4,2,8,17,32,89,183,422,922
66.7,4,4,9,23,48,88,207,421,985
66.8,0,6,5,20,38,103,179,402,996
66.9,3,3,11,13,43,104,168,386,972
67,3,1,7,21,33,110,187,352,1006
67.1,2,6,9,22,47,94,190,371,1001
67.2,2,6,12,18,57,113,196,415,950
67.3,4,8,9,14,51,101,187,367,1063
67.4,2,5,4,21,33,95,188,331,989
67.5,1,4,14,20,35,107,205,390,1016
67.6,4,6,7,20,39,107,202,423,1010
67.7,2,4,9,21,44,102,192,406,975
67.8,3,6,12,20,50,97,162,402,1003
67.9,2,2,7,28,43,122,145,388,950
68,4,5,8,21,46,101,218,370,967
68.1,2,5,4,17,42,107,181,391,948
68.2,0,5,13,32,52,98,200,401,1052
68.3,1,2,7,27,43,90,177,425,1011
68.4,2,3,7,18,46,92,168,400,990
68.5,3,1,11,12,35,93,170,421,1028
68.6,1,4,10,19,38,111,180,393,969
68.7,4,10,5,25,37,110,199,374,994
68.8,1,4,10,23,35,94,213,398,979
68.9,2,1,7,21,40,86,180,369,996
69,1,4,13,21,39,106,190,401,975
69.1,1,5,11,15,42,103,172,419,935
69.2,3,5,6,21,44,117,192,378,987
69.3,2,3,11,19,34,88,181,411,982
69.4,1,3,12,13,31,104,183,396,952
69.5,2,5,15,13,40,103,199,407,946
69.6,4,3,12,15,42,109,182,370,962
69.7,1,6,6,10,36,88,195,391,970
69.8,2,5,10,17,43,100,207,394,957
69.9,0,2,8,22,40,107,200,388,948
70,2,2,8,15,42,87,178,386,1001
70.1,1,2,11,27,37,90,191,375,983
70.2,1,5,6,20,43,111,174,408,979
70.3,2,5,12,23,35,88,197,401,973
70.4,0,4,13,13,29,98,196,386,902
70.5,3,4,6,21,43,122,190,407,995
70.6,5,7,9,18,33,97,209,392,964
70.7,1,4,9,14,36,114,198,333,904
70.8,0,2,5,15,45,101,194,371,1002
70.9,5,3,9,15,33,96,165,397,991
71,0,4,7,22,33,104,167,397,935
71.1,3,2,3,20,41,80,175,387,927
71.2,3,0,10,26,36,107,181,390,978
71.3,0,3,13,26,42,112,196,394,947
71.4,0,3,6,22,43,93,171,367,896
71.5,2,3,16,22,47,99,162,374,960
71.6,2,4,14,20,34,87,172,390,968
71.7,1,4,10,27,40,103,176,383,970
71.8,0,3,11,21,34,89,170,371,965
71.9,2,8,8,19,41,90,180,377,939
72,3,4,4,20,41,102,170,366,955
72.1,3,3,14,16,41,116,173,392,970
72.2,1,8,8,18,34,107,183,361,929
72.3,0,6,9,17,35,91,177,406,989
72.4,3,3,18,21,45,98,174,404,1011
72.5,2,5,7,14,40,79,178,393,949
72.6,0,4,13,22,46,93,183,391,955
72.7,2,3,11,20,44,108,164,415,1007
72.8,1,5,14,34,36,72,157,378,943
72.9,1,2,4,21,50,91,197,391,982
73,2,6,8,29,40,91,165,360,978
73.1,0,5,8,22,33,102,211,418,957
73.2,3,4,4,26,44,75,164,402,949
73.3,1,6,11,25,44,105,168,410,1030
73.4,1,6,12,23,33,100,192,391,1086
73.5,2,6,11,24,33,110,170,391,930
73.6,0,3,10,17,34,98,168,377,981
73.7,0,5,10,18,46,86,171,409,928
73.8,1,3,5,25,42,105,158,386,945
73.9,0,4,8,21,41,95,156,399,949
74,1,9,12,16,38,87,161,420,983
74.1,0,6,4,23,43,91,163,386,938
74.2,5,4,4,11,43,100,176,388,913
74.3,2,6,7,15,42,112,186,376,998
74.4,1,5,18,24,44,98,175,382,973
74.5,2,5,8,14,31,88,208,409,969
74.6,1,3,14,23,41,119,166,381,977
74.7,1,6,11,12,43,95,204,397,1011
74.8,4,2,9,23,39,88,190,391,977
74.9,2,3,15,15,41,102,182,393,977
75,1,3,12,21,27,107,185,350,894
75.1,2,3,7,22,42,93,168,382,985
75.2,2,2,12,27,37,91,171,411,937
75.3,2,4,11,21,35,95,174,411,1026
75.4,1,6,12,19,36,102,170,389,966
75.5,2,1,5,22,34,94,179,420,986
75.6,2,5,13,18,44,107,198,392,966
75.7,0,2,13,17,48,96,186,389,939
75.8,2,1,10,16,39,97,174,385,974
75.9,2,6,16,17,34,111,204,384,1006
76,3,4,8,13,45,101,213,395,984
76.1,2,5,11,16,34,114,191,378,950
76.2,4,4,9,26,39,91,161,407,956
76.3,2,1,9,22,44,108,152,417,923
76.4,2,2,12,21,37,99,202,400,967
76.5,2,4,11,19,42,100,160,362,1003
76.6,1,6,10,19,47,93,176,393,925
76.7,1,1,11,17,41,88,177,377,999
76.8,2,6,12,19,46,101,182,396,961
76.9,3,2,6,16,41,93,183,378,977
77,5,3,10,23,43,82,183,383,932
77.1,1,11,9,16,41,86,187,381,984
77.2,2,1,2,21,31,103,212,374,961
77.3,0,2,9,26,36,99,171,412,970
77.4,1,5,10,24,43,110,192,385,1019
77.5,4,4,13,15,33,108,182,393,922
77.6,0,4,16,16,37,75,207,403,984
77.7,3,1,13,17,41,96,200,391,956
77.8,2,5,9,14,45,90,168,408,989
77.9,1,3,12,23,46,98,164,384,996
78,3,3,6,16,37,107,191,373,1012
78.1,1,3,9,18,37,88,173,378,1002
78.2,1,8,17,20,34,90,202,381,922
78.3,3,2,8,19,39,120,208,394,978
78.4,1,2,5,19,49,117,187,360,961
78.5,3,10,9,22,43,101,183,319,939
78.6,5,8,8,21,38,91,189,388,1018
78.7,1,4,8,20,40,98,177,399,930
78.8,0,1,12,13,34,102,173,375,963
78.9,2,2,7,23,33,102,160,382,963
79,5,4,7,20,44,107,220,419,965
79.1,1,3,11,23,40,81,175,345,947
79.2,1,5,12,19,44,95,150,354,1014
79.3,1,4,10,21,51,92,198,374,1038
79.4,2,3,8,21,44,102,178,371,998
79.5,4,5,13,23,35,109,183,392,1013
79.6,1,3,7,19,29,99,188,415,993
79.7,1,4,5,13,36,114,168,411,977
79.8,2,5,12,16,36,90,186,397,995
79.9,0,4,12,20,49,105,167,359,984
80,0,3,2,15,42,130,176,385,994
80.1,2,2,7,20,28,96,194,406,1000
80.2,2,3,9,19,41,108,178,420,997
80.3,4,1,23,23,42,100,196,368,1001
80.4,3,4,9,24,40,103,189,361,923
80.5,1,5,12,29,48,102,163,396,976
80.6,0,3,15,16,41,91,172,404,992
80.7,1,2,11,18,35,105,193,378,988
80.8,2,5,12,28,29,105,185,386,995
80.9,3,2,5,26,44,92,175,379,1004
81,3,4,11,15,45,98,181,375,1025
81.1,2,4,7,16,39,89,192,398,999
81.2,3,7,12,13,34,90,190,365,927
81.3,3,6,14,17,41,101,180,402,971
81.4,1,4,10,26,39,95,175,393,994
81.5,1,5,12,25,34,106,189,370,960
81.6,0,1,6,25,35,111,189,427,969
81.7,3,3,10,18,35,84,189,424,999
81.8,2,1,13,14,39,92,168,391,991
81.9,2,3,11,18,37,101,196,395,966
82,3,7,14,17,31,79,182,420,948
82.1,4,7,14,30,34,108,179,382,959
82.2,4,3,10,15,36,111,184,385,964
82.3,4,5,5,19,40,111,162,413,956
82.4,2,3,9,23,37,108,183,406,988
82.5,4,2,8,23,53,107,174,377,1009
82.6,1,1,10,11,36,110,168,387,936
82.7,3,2,18,26,49,85,174,385,1020
82.8,1,5,17,26,42,84,159,382,956
82.9,2,3,10,24,58,117,151,442,903
83,3,3,14,15,31,101,183,401,962
83.1,2,2,18,19,53,89,176,377,984
83.2,0,4,9,18,46,74,188,394,1026
83.3,3,2,8,22,42,94,161,398,891
83.4,4,2,9,18,39,112,175,382,1015
83.5,1,4,8,18,48,103,200,377,962
83.6,3,1,7,16,42,103,165,381,995
83.7,1,6,14,22,37,88,184,400,995
83.8,4,4,15,16,42,116,192,404,999
83.9,3,3,5,21,42,102,189,366,925
84,5,2,8,19,32,102,195,418,940
84.1,1,1,4,24,48,118,197,347,1000
84.2,1,4,7,21,36,93,187,406,971
84.3,2,2,6,23,40,108,193,363,978
84.4,1,5,13,16,43,87,186,391,975
84.5,3,3,20,25,47,82,184,398,966
84.6,3,5,7,18,35,76,195,366,903
84.7,3,4,9,22,33,94,186,408,929
84.8,1,6,7,18,42,83,165,414,951
84.9,1,2,8,15,31,98,171,364,984
85,1,0,10,27,39,83,222,368,939
85.1,2,4,8,24,43,100,194,381,947
85.2,1,2,14,29,39,101,170,386,957
85.3,0,5,4,24,33,73,198,377,947
85.4,4,4,8,22,44,102,160,384,1021
85.5,2,7,12,24,36,96,174,399,989
85.6,1,2,7,16,33,95,180,385,981
85.7,2,5,8,20,44,103,186,356,969
85.8,0,2,13,21,40,98,184,393,969
85.9,0,3,8,17,44,107,206,398,981
86,3,5,10,16,31,95,183,421,944
86.1,2,3,4,25,40,94,188,377,947
86.2,5,4,5,19,48,85,181,409,902
86.3,0,6,9,22,48,110,205,419,955
86.4,0,4,13,30,37,86,185,387,974
86.5,3,6,13,22,43,105,195,399,943
86.6,3,7,11,23,47,110,185,377,971
86.7,1,4,11,19,41,86,176,432,989
86.8,3,7,8,17,45,85,186,377,958
86.9,3,6,7,17,42,108,173,411,957
87,0,2,15,17,41,109,187,351,963
87.1,3,5,13,15,34,109,221,383,958
87.2,0,4,7,19,41,100,180,385,1010
87.3,1,5,15,13,32,94,212,392,983
87.4,1,4,9,15,51,89,187,426,947
87.5,1,7,8,16,37,95,192,416,969
87.6,1,5,7,20,45,106,186,389,987
87.7,2,8,10,13,37,102,171,383,978
87.8,1,11,11,25,32,89,177,394,956
87.9,0,4,12,23,40,111,167,385,986
88,2,2,5,16,45,100,189,388,940
88.1,2,2,16,23,38,94,192,379,925
88.2,3,4,8,20,42,102,165,392,977
88.3,2,4,12,27,38,96,169,443,972
88.4,0,8,11,16,27,117,177,418,975
88.5,1,2,11,27,35,98,172,354,1001
88.6,1,1,10,26,30,119,199,375,954
88.7,6,4,14,18,42,95,179,380,944
88.8,5,5,13,8,35,103,166,396,944
88.9,1,4,4,12,48,113,166,364,968
89,1,1,10,13,42,107,182,389,983
89.1,4,4,11,20,37,103,184,378,1013
89.2,1,3,7,16,42,85,188,359,1026
89.3,3,4,11,13,42,94,183,359,1050
89.4,3,8,10,19,37,86,173,364,927
89.5,3,6,13,22,40,109,181,410,966
89.6,2,7,11,17,52,88,205,384,973
89.7,1,4,8,17,52,85,180,365,927
89.8,2,3,13,26,51,109,190,398,990
89.9,2,6,17,15,30,99,176,389,955
90,2,13,14,25,42,98,183,411,1017
90.1,1,2,7,20,36,102,192,370,960
90.2,1,5,11,12,47,96,214,368,1012
90.3,0,5,13,16,37,99,187,377,994
90.4,1,1,9,15,34,99,172,391,966
90.5,2,7,6,14,32,96,191,362,945
90.6,3,1,9,28,39,103,177,426,946
90.7,1,2,12,15,37,114,197,388,974
90.8,2,2,11,25,36,131,190,363,966
90.9,3,1,16,15,36,110,175,359,972
91,0,3,11,21,43,102,186,390,948
91.1,4,6,7,26,43,115,190,365,954
91.2,0,5,8,26,45,108,163,377,946
91.3,1,2,6,22,38,101,201,398,952
91.4,0,1,11,23,34,104,170,362,963
91.5,1,7,8,12,38,109,171,406,966
91.6,2,6,15,24,36,107,206,377,931
91.7,1,2,11,22,42,90,172,391,964
91.8,3,5,5,25,50,80,177,361,926
91.9,1,2,11,15,40,111,201,377,970
92,2,2,6,25,31,105,205,384,947
92.1,0,0,13,13,45,88,189,370,933
92.2,0,5,12,26,44,105,167,406,974
92.3,1,5,6,22,37,85,178,411,961
92.4,4,3,9,31,39,98,214,400,962
92.5,0,4,11,19,37,106,175,371,925
92.6,0,1,11,17,39,97,176,373,930
92.7,1,3,7,27,48,93,176,330,1024
92.8,1,6,11,25,38,98,163,372,977
92.9,3,5,6,24,43,94,160,405,987
93,1,0,5,24,35,89,167,385,916
93.1,2,2,13,18,31,88,187,347,924
93.2,5,3,8,20,31,105,159,403,954
93.3,2,2,11,20,45,101,193,379,953
93.4,3,2,16,25,39,91,194,404,921
93.5,1,4,2,21,36,105,178,371,964
93.6,7,1,14,12,40,86,184,416,1001
93.7,2,2,14,16,36,92,161,394,928
93.8,2,2,12,14,45,105,167,390,927
93.9,3,6,9,20,41,123,174,392,893
94,1,6,9,23,38,97,191,352,941
94.1,2,4,9,22,40,100,185,403,937
94.2,4,2,12,25,38,94,199,390,973
94.3,2,1,4,27,33,124,173,397,969
94.4,2,3,7,28,50,93,183,375,937
94.5,1,6,7,16,34,87,190,390,926
94.6,2,2,11,20,38,92,169,364,957
94.7,2,1,9,17,30,100,182,398,935
94.8,1,4,4,14,43,104,175,397,958
94.9,1,8,11,15,41,110,198,379,955
95,6,8,6,27,41,89,179,355,948
95.1,1,3,6,19,34,88,195,376,990
95.2,5,5,9,23,44,103,172,395,940
95.3,2,3,9,13,37,98,192,351,955
95.4,4,1,5,15,39,94,181,425,934
95.5,4,2,11,9,49,90,190,395,966
95.6,2,1,17,23,60,88,183,368,1006
95.7,2,5,7,18,45,105,170,373,997
95.8,2,6,6,19,40,100,192,401,924
95.9,3,4,7,13,41,85,182,366,915
96,0,5,11,22,43,92,187,360,961
96.1,4,3,9,13,41,105,179,422,981
96.2,5,4,9,20,47,90,179,375,945
96.3,4,4,16,15,34,82,196,385,987
96.4,2,1,7,24,34,97,176,365,983
96.5,3,3,10,19,47,92,184,393,987
96.6,4,1,14,9,41,92,195,346,943
96.7,4,2,16,23,31,102,192,364,966
96.8,3,3,18,26,43,113,203,347,943
96.9,2,5,16,14,39,90,178,394,950
97,0,8,6,28,26,94,170,389,981
97.1,2,2,12,22,39,112,164,393,942
97.2,3,1,10,18,35,102,199,386,981
97.3,1,3,7,10,48,109,185,353,929
97.4,0,4,9,24,40,100,173,398,944
97.5,3,7,10,14,28,107,186,378,950
97.6,0,6,7,22,46,102,167,399,923
97.7,0,2,11,23,35,93,179,387,1013
97.8,2,5,8,21,50,75,184,363,957
97.9,2,3,6,15,52,102,228,373,915
98,1,0,11,21,32,82,160,389,966
98.1,3,3,11,24,49,101,193,367,976
98.2,0,1,11,19,38,107,178,357,1006
98.3,4,3,10,17,36,98,183,416,965
98.4,2,4,13,15,41,105,180,389,957
98.5,2,5,12,20,42,81,168,408,950
98.6,1,3,11,23,44,94,178,400,980
98.7,2,4,9,19,34,83,170,352,966
98.8,0,4,13,26,45,101,173,384,924
98.9,3,2,8,19,33,98,193,380,928
99,5,3,13,19,37,103,182,400,946
99.1,3,9,10,33,36,91,166,398,945
99.2,3,3,7,11,33,95,190,402,978
99.3,1,5,11,19,42,104,186,389,1010
99.4,4,3,8,22,41,104,184,376,963
99.5,2,6,8,25,44,108,167,376,930
99.6,2,5,9,28,44,101,177,404,971
99.7,3,6,6,13,41,108,173,397,955
99.8,3,3,10,15,42,91,182,389,942
99.9,1,6,11,25,42,77,160,376,900
100,0,10,9,20,49,103,188,365,973
100.1,2,2,12,21,53,103,176,376,944
100.2,4,5,5,17,39,87,191,378,963
100.3,0,8,13,23,43,92,193,386,991
100.4,0,1,11,17,30,102,184,367,936
100.5,2,1,13,16,38,92,193,392,946
100.6,2,4,10,23,37,98,169,400,939
100.7,1,2,15,22,39,97,172,396,911
100.8,4,4,10,22,35,106,170,374,910
100.9,1,3,16,23,48,81,173,432,922
101,3,3,8,20,48,89,195,385,946
101.1,3,7,9,16,38,91,186,368,901
101.2,0,3,10,25,39,110,198,394,1003
101.3,3,3,9,16,42,117,164,341,925
101.4,1,4,16,19,41,97,172,336,991
101.5,2,4,7,18,40,91,196,416,891
101.6,2,3,7,21,49,100,193,382,969
101.7,2,2,11,18,37,97,192,342,956
101.8,2,0,9,17,27,97,183,396,944
101.9,0,3,9,25,42,100,180,387,980
102,1,5,12,25,36,82,200,371,966
102.1,3,3,6,10,37,98,180,371,961
102.2,4,6,8,16,33,114,175,400,937
102.3,2,1,4,22,35,94,173,371,909
102.4,1,4,14,21,44,104,181,363,932
102.5,2,4,6,20,37,87,180,419,901
102.6,5,5,8,20,41,100,184,368,928
102.7,1,8,10,19,45,94,177,383,970
102.8,2,2,13,18,41,99,189,394,947
102.9,2,6,12,21,40,84,177,373,962
103,1,5,9,27,40,109,191,390,955
103.1,1,5,8,15,34,93,184,396,972
103.2,2,3,3,23,28,112,192,362,961
103.3,2,3,6,12,50,96,206,396,936
103.4,1,2,11,27,43,113,202,394,937
103.5,7,3,13,15,41,88,191,391,1007
103.6,0,3,7,20,30,85,183,389,936
103.7,3,5,11,20,38,95,188,375,942
103.8,2,3,11,16,32,94,190,396,973
103.9,3,4,12,13,41,84,184,384,986
104,2,5,10,24,53,107,186,342,902
104.1,0,5,5,20,40,71,173,401,955
104.2,1,2,11,18,38,107,179,399,921
104.3,1,2,17,22,42,76,186,384,926
104.4,0,5,10,19,34,109,197,379,914
104.5,5,5,11,20,46,106,179,352,956
104.6,2,3,6,25,39,101,189,389,943
104.7,2,3,5,21,38,92,168,420,930
104.8,0,3,5,9,41,78,185,384,934
104.9,6,1,8,24,37,97,170,366,930
105,1,1,9,25,50,88,188,371,942
105.1,0,1,10,18,38,100,200,386,983
105.2,2,3,13,16,38,106,184,391,937
105.3,2,6,5,21,42,107,163,357,965
105.4,3,6,14,14,42,93,182,377,956
105.5,3,6,6,17,39,102,180,389,990
105.6,1,2,12,22,47,88,187,391,955
105.7,3,4,6,12,41,114,170,390,937
105.8,1,3,6,17,28,103,174,389,885
105.9,2,4,8,16,53,87,180,371,968
106,0,3,7,20,38,88,198,366,911
106.1,3,5,16,21,42,85,179,361,937
106.2,2,6,5,23,26,98,198,413,963
106.3,4,6,9,17,40,85,181,397,954
106.4,2,3,10,22,42,105,201,400,904
106.5,3,3,13,20,52,96,173,408,904
106.6,1,4,10,22,40,97,180,403,944
106.7,3,4,5,16,36,90,176,356,896
106.8,1,3,8,20,37,92,174,389,912
106.9,1,5,13,20,38,82,186,369,921
107,2,6,10,17,53,103,168,409,920
107.1,4,2,6,12,38,103,183,387,956
107.2,1,2,9,16,35,92,189,394,961
107.3,5,2,11,18,32,91,191,363,938
107.4,1,7,13,23,48,99,203,373,990
107.5,1,4,7,17,37,81,184,419,968
107.6,1,4,7,15,39,81,174,350,942
107.7,5,3,11,17,39,99,168,394,966
107.8,1,3,9,20,30,98,185,366,906
107.9,3,4,13,18,31,115,190,398,898
108,2,7,10,20,47,96,154,395,936
108.1,2,3,7,17,41,90,179,384,946
108.2,3,3,6,15,35,92,172,353,925
108.3,1,3,11,27,53,89,186,403,903
108.4,2,3,6,15,40,104,176,351,942
108.5,0,4,11,12,43,98,177,398,1016
108.6,1,5,8,16,39,101,179,366,920
108.7,2,8,12,22,45,111,183,401,985
108.8,2,4,13,19,44,88,198,390,950
108.9,1,5,7,17,34,89,193,450,962
109,2,3,2,20,54,91,183,400,1000
109.1,2,5,10,25,42,94,194,421,923
109.2,4,2,7,12,35,81,184,422,947
109.3,1,4,11,19,46,95,183,392,916
109.4,3,2,11,14,29,98,149,393,989
109.5,1,5,16,14,42,85,188,363,950
109.6,3,5,13,15,39,88,170,406,975
109.7,3,3,5,15,48,100,194,386,975
109.8,4,2,11,20,40,76,177,396,924
109.9,1,10,10,10,45,103,160,392,969
110,0,4,12,20,53,105,173,350,1001
110.1,5,2,9,23,47,109,179,370,968
110.2,1,0,12,22,46,98,162,357,971
110.3,1,6,5,18,41,90,205,334,918
110.4,1,7,8,17,35,101,179,384,1018
110.5,2,5,14,16,43,96,192,360,969
110.6,6,2,14,20,33,126,187,386,912
110.7,1,3,5,20,50,110,194,429,965
110.8,3,1,7,22,25,102,176,420,917
110.9,3,4,9,19,31,101,171,391,1018
111,3,6,14,21,41,100,162,389,914
111.1,2,2,6,29,44,77,173,376,1006
111.2,4,6,11,25,53,101,188,397,1010
111.3,4,0,10,24,25,99,200,384,992
111.4,0,4,14,20,47,97,204,373,958
111.5,2,4,7,25,46,106,185,394,937
111.6,1,3,8,25,47,111,222,398,982
111.7,3,1,6,17,48,105,189,386,968
111.8,4,3,10,15,37,91,179,408,908
111.9,0,1,9,21,38,108,194,415,957
112,1,3,7,9,35,116,204,396,952
112.1,0,6,8,24,43,87,187,362,1019
112.2,2,4,7,23,28,94,183,377,944
112.3,2,1,13,19,41,92,172,392,929
112.4,2,7,16,18,48,98,178,435,989
112.5,1,4,10,18,54,100,178,451,923
112.6,2,6,8,15,35,107,161,410,960
112.7,2,9,15,26,36,122,168,369,916
112.8,1,2,10,16,39,88,184,394,942
112.9,2,2,7,15,44,97,170,407,990
113,3,6,17,23,45,82,179,400,923
113.1,2,3,7,27,43,100,166,358,984
113.2,3,4,12,18,43,106,168,395,947
113.3,2,1,8,17,39,94,197,387,958
113.4,2,7,13,15,34,97,144,413,958
113.5,1,0,5,20,32,116,200,378,904
113.6,3,0,8,21,41,93,183,348,948
113.7,3,4,5,19,38,94,186,387,973
113.8,1,2,4,21,47,102,185,396,985
113.9,3,6,10,12,36,120,179,363,993
114,4,1,10,25,54,98,186,400,960
114.1,2,3,5,21,31,100,192,371,985
114.2,7,2,14,19,31,104,175,384,966
114.3,3,4,3,22,33,93,194,397,917
114.4,0,2,10,18,42,96,193,388,912
114.5,3,4,10,18,33,91,153,366,919
114.6,1,2,7,15,40,90,163,382,1026
114.7,2,4,10,24,47,101,186,346,953
114.8,2,2,15,14,46,97,165,392,959
114.9,0,5,5,18,44,98,160,367,988
115,2,1,9,19,46,87,154,389,956
115.1,5,4,8,24,37,85,180,414,966
115.2,1,5,11,24,37,93,184,377,946
115.3,2,6,7,19,27,103,174,376,960
115.4,2,1,6,16,56,96,184,431,965
115.5,3,4,15,22,37,89,186,426,937
115.6,4,1,8,13,37,87,170,373,891
115.7,1,7,13,28,46,96,190,410,947
115.8,1,2,10,19,37,109,178,380,987
115.9,3,4,14,12,39,91,168,389,950
116,3,2,12,18,40,94,204,394,987
116.1,3,3,11,19,43,95,205,383,893
116.2,2,6,13,12,37,93,184,397,948
116.3,1,4,10,14,41,88,174,400,950
116.4,2,2,11,13,35,87,195,400,957
116.5,2,3,11,18,43,100,207,381,937
116.6,1,1,10,13,40,106,163,389,966
116.7,1,6,6,16,37,114,163,402,1031
116.8,2,8,9,18,40,105,175,359,934
116.9,4,6,13,20,34,101,183,390,970
117,1,3,11,14,52,106,205,398,995
117.1,0,1,12,13,45,105,195,369,911
117.2,1,4,13,24,37,93,211,374,945
117.3,3,5,10,17,53,82,172,413,895
117.4,0,5,8,21,43,103,186,381,952
117.5,2,3,6,18,41,100,184,413,929
117.6,5,6,14,13,42,86,176,372,946
117.7,0,4,11,23,27,101,184,390,980
117.8,2,2,3,20,35,103,184,414,961
117.9,3,3,13,14,28,96,188,402,946
118,1,3,11,22,47,94,201,343,932
118.1,1,2,8,15,32,105,176,365,981
118.2,4,9,12,22,38,104,177,376,926
118.3,3,5,13,23,36,98,162,376,922
118.4,0,3,13,17,48,89,185,399,917
118.5,1,5,11,17,39,97,186,361,968
118.6,2,5,14,22,41,101,207,394,954
118.7,1,8,8,14,38,93,191,375,919
118.8,4,2,6,17,39,99,169,375,929
118.9,4,4,10,16,31,110,180,390,932
119,0,3,9,18,36,113,163,373,917
119.1,0,3,12,14,37,92,168,389,969
119.2,2,3,7,17,53,84,171,358,954
119.3,1,4,4,12,47,123,177,377,878
119.4,3,3,5,12,39,100,167,370,931
119.5,2,6,8,22,40,99,184,389,951
119.6,2,0,11,13,35,102,182,356,936
119.7,2,4,10,19,36,100,162,398,945
119.8,1,1,8,18,32,94,189,395,948
119.9,5,5,12,21,41,99,174,412,933
120,2,5,7,19,38,94,180,409,951
120.1,3,6,9,13,42,101,190,367,936
120.2,3,5,8,8,39,90,176,370,949
120.3,0,4,7,11,41,95,156,380,984
120.4,1,4,13,24,32,91,177,373,950
120.5,1,2,7,23,36,92,159,382,911
120.6,0,6,12,19,50,98,177,379,939
120.7,2,4,10,26,36,93,154,381,946
120.8,3,5,12,21,43,93,194,347,948
120.9,3,5,11,16,28,96,181,381,1014
121,0,5,12,27,41,109,168,382,937
121.1,2,2,6,22,49,84,174,348,928
121.2,0,2,6,23,36,99,170,373,966
121.3,0,6,11,17,33,96,186,394,939
121.4,3,4,9,18,40,97,179,401,976
121.5,1,5,10,17,41,83,184,400,902
121.6,2,3,3,9,54,111,198,350,930
121.7,6,3,7,19,54,108,156,364,943
121.8,0,3,7,24,42,85,189,339,972
121.9,0,3,9,22,47,104,190,416,969
122,4,5,11,23,41,100,164,383,998
122.1,2,3,6,18,37,84,191,395,937
122.2,0,7,8,17,36,95,181,400,950
122.3,1,5,9,25,30,91,144,361,922
122.4,3,1,9,19,36,103,191,360,949
122.5,2,1,8,11,37,86,159,391,956
122.6,1,4,10,28,42,90,175,355,984
122.7,5,6,10,22,39,106,153,423,938
122.8,3,2,13,22,35,101,180,403,941
122.9,2,2,7,15,43,106,191,370,957
123,1,5,9,12,40,101,192,393,974
123.1,1,1,9,17,38,108,172,393,979
123.2,2,3,12,15,43,101,179,389,940
123.3,1,4,4,18,36,79,169,361,959
123.4,3,1,11,16,46,89,188,382,915
123.5,0,6,8,17,32,93,193,405,967
123.6,5,3,7,28,27,85,196,353,942
123.7,1,5,15,21,48,119,170,401,932
123.8,2,1,6,26,42,93,187,408,975
123.9,3,6,8,24,37,86,187,368,964
124,1,1,14,21,50,98,159,378,874
124.1,5,6,12,22,38,91,162,373,993
124.2,3,3,16,18,35,85,159,397,1022
124.3,2,1,12,16,50,97,192,410,914
124.4,3,7,5,25,46,103,186,351,981
124.5,4,3,11,20,34,95,175,337,928
124.6,4,4,13,24,40,86,167,405,921
124.7,1,7,8,19,33,104,164,390,927
124.8,2,4,13,18,36,88,199,412,945
124.9,4,5,13,18,48,100,197,383,957
